"d","y","b","l","c"
"V053 - Need prphyl vc vrl hepat",1910,1,0.052099999999999994,4
"V290 - NB obsrv suspct infect",1910,1,0.16970000000000002,4
"V3000 - Single lb in-hosp w/o cs",1910,1,0.04616666666666667,3
"4019 - Hypertension NOS",1910,2,2.0024310344827585,29
"42731 - Atrial fibrillation",1910,2,2.3680899999999996,20
"41401 - Crnry athrscl natve vssl",1910,2,3.020889473684211,19
"4019 - Hypertension NOS",1910,3,3.717815254237289,59
"42731 - Atrial fibrillation",1910,3,4.062378787878788,33
"41401 - Crnry athrscl natve vssl",1910,3,3.880654838709678,31
"4019 - Hypertension NOS",1910,4,3.59888,10
"25000 - DMII wo cmp nt st uncntr",1910,4,3.6726111111111113,9
"42731 - Atrial fibrillation",1910,4,5.066755555555556,9
"V053 - Need prphyl vc vrl hepat",1911,1,0.4010555555555555,18
"V290 - NB obsrv suspct infect",1911,1,0.3689538461538461,13
"V3000 - Single lb in-hosp w/o cs",1911,1,0.5366000000000001,13
"4019 - Hypertension NOS",1911,2,3.16891224489796,49
"V053 - Need prphyl vc vrl hepat",1911,2,5.259148648648647,37
"V290 - NB obsrv suspct infect",1911,2,5.172988235294117,34
"4019 - Hypertension NOS",1911,3,3.638001801801803,111
"42731 - Atrial fibrillation",1911,3,3.463679687500001,64
"4280 - CHF NOS",1911,3,5.289271428571428,63
"4019 - Hypertension NOS",1911,4,4.899163636363637,33
"51881 - Acute respiratry failure",1911,4,5.478025806451614,31
"42731 - Atrial fibrillation",1911,4,6.191029032258065,31
"0389 - Septicemia NOS",1911,5,7.485575,4
"99592 - Severe sepsis",1911,5,8.392325,4
"4019 - Hypertension NOS",1911,5,6.158149999999999,4
"V053 - Need prphyl vc vrl hepat",1912,1,0.27557777777777775,9
"V3000 - Single lb in-hosp w/o cs",1912,1,0.16432500000000005,8
"V290 - NB obsrv suspct infect",1912,1,2.4493714285714283,7
"4019 - Hypertension NOS",1912,2,2.9473666666666674,69
"41401 - Crnry athrscl natve vssl",1912,2,2.595673913043478,46
"V053 - Need prphyl vc vrl hepat",1912,2,3.6719973684210534,38
"4019 - Hypertension NOS",1912,3,3.8565126315789473,95
"41401 - Crnry athrscl natve vssl",1912,3,2.985168181818182,66
"42731 - Atrial fibrillation",1912,3,4.197257407407409,54
"51881 - Acute respiratry failure",1912,4,12.071947826086957,23
"4019 - Hypertension NOS",1912,4,3.833740909090908,22
"42731 - Atrial fibrillation",1912,4,8.721722727272727,22
"42731 - Atrial fibrillation",1912,5,9.023325,4
"4280 - CHF NOS",1912,5,8.822225,4
"4019 - Hypertension NOS",1912,5,5.2316666666666665,3
"V290 - NB obsrv suspct infect",1913,1,0.12589999999999998,14
"V053 - Need prphyl vc vrl hepat",1913,1,0.12622142857142857,14
"V3001 - Single lb in-hosp w cs",1913,1,0.14459999999999998,12
"4019 - Hypertension NOS",1913,2,2.5568985507246387,69
"V290 - NB obsrv suspct infect",1913,2,6.7833272727272735,33
"V053 - Need prphyl vc vrl hepat",1913,2,3.559309374999999,32
"4019 - Hypertension NOS",1913,3,3.9793862385321104,109
"41401 - Crnry athrscl natve vssl",1913,3,3.0657518518518514,81
"42731 - Atrial fibrillation",1913,3,4.556766666666666,72
"4019 - Hypertension NOS",1913,4,6.650003703703703,27
"4280 - CHF NOS",1913,4,6.475315384615385,26
"5849 - Acute kidney failure NOS",1913,4,7.6376,24
"51881 - Acute respiratry failure",1913,5,2.5523399999999996,5
"2724 - Hyperlipidemia NEC/NOS",1913,5,1.8972666666666669,3
"42731 - Atrial fibrillation",1913,5,1.8972666666666669,3
"V290 - NB obsrv suspct infect",1914,1,29.835427272727273,11
"V053 - Need prphyl vc vrl hepat",1914,1,7.079172727272726,11
"V3000 - Single lb in-hosp w/o cs",1914,1,31.4133,8
"4019 - Hypertension NOS",1914,2,2.1862455882352947,68
"41401 - Crnry athrscl natve vssl",1914,2,3.6692978260869564,46
"2724 - Hyperlipidemia NEC/NOS",1914,2,1.8220487179487186,39
"4019 - Hypertension NOS",1914,3,3.8074126315789476,95
"41401 - Crnry athrscl natve vssl",1914,3,4.268505747126439,87
"42731 - Atrial fibrillation",1914,3,5.255683870967742,62
"51881 - Acute respiratry failure",1914,4,11.325119047619049,21
"4280 - CHF NOS",1914,4,12.460452380952383,21
"42731 - Atrial fibrillation",1914,4,9.233166666666667,18
"5990 - Urin tract infection NOS",1914,5,4.605766666666667,3
"4439 - Periph vascular dis NOS",1914,5,5.2873,2
"42731 - Atrial fibrillation",1914,5,5.8347,2
"V053 - Need prphyl vc vrl hepat",1915,1,1.20703,20
"V290 - NB obsrv suspct infect",1915,1,0.48634444444444447,18
"V3000 - Single lb in-hosp w/o cs",1915,1,1.1215333333333335,15
"4019 - Hypertension NOS",1915,2,2.5006213114754097,61
"41401 - Crnry athrscl natve vssl",1915,2,2.274426,50
"V290 - NB obsrv suspct infect",1915,2,3.944424999999999,40
"4019 - Hypertension NOS",1915,3,3.6969911111111116,90
"41401 - Crnry athrscl natve vssl",1915,3,3.732954838709678,62
"42731 - Atrial fibrillation",1915,3,4.756954098360657,61
"51881 - Acute respiratry failure",1915,4,8.369455172413794,29
"4019 - Hypertension NOS",1915,4,6.0565875,24
"42731 - Atrial fibrillation",1915,4,5.72937391304348,23
"4280 - CHF NOS",1915,5,5.858,4
"99592 - Severe sepsis",1915,5,6.245166666666666,3
"0389 - Septicemia NOS",1915,5,6.245166666666666,3
"V053 - Need prphyl vc vrl hepat",1916,1,0.4724555555555555,27
"V290 - NB obsrv suspct infect",1916,1,0.5851842105263159,19
"V3000 - Single lb in-hosp w/o cs",1916,1,0.12711052631578948,19
"4019 - Hypertension NOS",1916,2,2.2626116883116887,77
"41401 - Crnry athrscl natve vssl",1916,2,2.267178048780488,41
"42731 - Atrial fibrillation",1916,2,3.013208333333333,36
"4019 - Hypertension NOS",1916,3,3.0973537735849064,106
"4280 - CHF NOS",1916,3,3.8802216216216214,74
"41401 - Crnry athrscl natve vssl",1916,3,3.8725418918918915,74
"51881 - Acute respiratry failure",1916,4,8.546363888888887,36
"42731 - Atrial fibrillation",1916,4,7.839975757575758,33
"5849 - Acute kidney failure NOS",1916,4,7.345290625000001,32
"5849 - Acute kidney failure NOS",1916,5,2.004466666666667,3
"41401 - Crnry athrscl natve vssl",1916,5,27.265399999999996,3
"78551 - Cardiogenic shock",1916,5,38.954449999999994,2
"V053 - Need prphyl vc vrl hepat",1917,1,0.8044470588235295,17
"V3000 - Single lb in-hosp w/o cs",1917,1,0.8677333333333334,12
"V290 - NB obsrv suspct infect",1917,1,0.8450416666666668,12
"4019 - Hypertension NOS",1917,2,2.1690171874999997,64
"41401 - Crnry athrscl natve vssl",1917,2,2.176971153846154,52
"4280 - CHF NOS",1917,2,3.7141,35
"4019 - Hypertension NOS",1917,3,3.6353840707964618,113
"42731 - Atrial fibrillation",1917,3,4.843063768115942,69
"41401 - Crnry athrscl natve vssl",1917,3,3.108308620689654,58
"42731 - Atrial fibrillation",1917,4,6.29940357142857,28
"4280 - CHF NOS",1917,4,6.8382999999999985,28
"4019 - Hypertension NOS",1917,4,6.131188461538462,26
"41071 - Subendo infarct, initial",1917,5,4.99245,2
"4439 - Periph vascular dis NOS",1917,5,8.1482,2
"4280 - CHF NOS",1917,5,4.99245,2
"V053 - Need prphyl vc vrl hepat",1918,1,0.25201874999999996,16
"V3000 - Single lb in-hosp w/o cs",1918,1,0.23407333333333333,15
"V290 - NB obsrv suspct infect",1918,1,6.874638461538459,13
"4019 - Hypertension NOS",1918,2,2.853204705882353,85
"41401 - Crnry athrscl natve vssl",1918,2,1.9687346153846155,52
"4280 - CHF NOS",1918,2,3.362723913043478,46
"4019 - Hypertension NOS",1918,3,3.903157142857143,112
"42731 - Atrial fibrillation",1918,3,4.76577619047619,84
"4280 - CHF NOS",1918,3,3.7621012195121963,82
"4019 - Hypertension NOS",1918,4,6.2310225806451625,31
"51881 - Acute respiratry failure",1918,4,8.100076,25
"4280 - CHF NOS",1918,4,9.934054166666666,24
"V5865 - Long-term use steroids",1918,5,0.8178,1
"5849 - Acute kidney failure NOS",1918,5,0.8178,1
"99594 - SIRS-noninf w ac org dys",1918,5,0.8178,1
"V053 - Need prphyl vc vrl hepat",1919,1,0.51530625,16
"V3000 - Single lb in-hosp w/o cs",1919,1,0.6238,13
"V290 - NB obsrv suspct infect",1919,1,0.12331818181818183,11
"4019 - Hypertension NOS",1919,2,1.8660842105263153,76
"V290 - NB obsrv suspct infect",1919,2,6.101770454545454,44
"V053 - Need prphyl vc vrl hepat",1919,2,5.081393181818183,44
"4019 - Hypertension NOS",1919,3,4.235022641509433,106
"42731 - Atrial fibrillation",1919,3,4.046552941176472,85
"41401 - Crnry athrscl natve vssl",1919,3,2.1830152777777783,72
"4019 - Hypertension NOS",1919,4,8.220624999999998,36
"51881 - Acute respiratry failure",1919,4,8.674889285714285,28
"42731 - Atrial fibrillation",1919,4,9.274442857142859,21
"4280 - CHF NOS",1919,5,11.049466666666666,3
"42823 - Ac on chr syst hrt fail",1919,5,12.21285,2
"78552 - Septic shock",1919,5,11.7395,2
"V053 - Need prphyl vc vrl hepat",1920,1,0.34707777777777776,18
"V290 - NB obsrv suspct infect",1920,1,0.1550214285714286,15
"V3000 - Single lb in-hosp w/o cs",1920,1,0.16491428571428574,14
"4019 - Hypertension NOS",1920,2,2.2535057971014494,69
"V053 - Need prphyl vc vrl hepat",1920,2,4.475171794871795,39
"25000 - DMII wo cmp nt st uncntr",1920,2,2.0088717948717947,39
"4019 - Hypertension NOS",1920,3,3.8930045454545454,88
"4280 - CHF NOS",1920,3,4.964669512195123,82
"42731 - Atrial fibrillation",1920,3,5.268641095890413,73
"5849 - Acute kidney failure NOS",1920,4,7.173804545454545,22
"4019 - Hypertension NOS",1920,4,4.712405555555556,18
"51881 - Acute respiratry failure",1920,4,9.57877222222222,18
"2762 - Acidosis",1920,5,11.515066666666668,3
"25000 - DMII wo cmp nt st uncntr",1920,5,11.515066666666668,3
"4280 - CHF NOS",1920,5,8.592266666666665,3
"V053 - Need prphyl vc vrl hepat",1921,1,1.0459357142857144,14
"V290 - NB obsrv suspct infect",1921,1,1.1078923076923077,13
"V3000 - Single lb in-hosp w/o cs",1921,1,1.2597363636363637,11
"4019 - Hypertension NOS",1921,2,1.9057460526315797,76
"41401 - Crnry athrscl natve vssl",1921,2,1.915009756097561,41
"4280 - CHF NOS",1921,2,2.7139000000000006,32
"4019 - Hypertension NOS",1921,3,3.8174377192982467,114
"42731 - Atrial fibrillation",1921,3,5.992939743589743,78
"41401 - Crnry athrscl natve vssl",1921,3,3.970007462686568,67
"4019 - Hypertension NOS",1921,4,6.45858148148148,27
"4280 - CHF NOS",1921,4,7.011717391304349,23
"42731 - Atrial fibrillation",1921,4,6.4677999999999995,23
"99592 - Severe sepsis",1921,5,1.587125,4
"0389 - Septicemia NOS",1921,5,0.7837666666666666,3
"51881 - Acute respiratry failure",1921,5,8.8528,3
"V053 - Need prphyl vc vrl hepat",1922,1,0.35710625,16
"V3000 - Single lb in-hosp w/o cs",1922,1,0.16154,10
"V290 - NB obsrv suspct infect",1922,1,0.50612,10
"4019 - Hypertension NOS",1922,2,2.805466197183099,71
"4280 - CHF NOS",1922,2,2.6383799999999997,50
"41401 - Crnry athrscl natve vssl",1922,2,3.2185409090909087,44
"4019 - Hypertension NOS",1922,3,4.368060629921259,127
"4280 - CHF NOS",1922,3,4.536110891089107,101
"42731 - Atrial fibrillation",1922,3,4.62721,100
"4280 - CHF NOS",1922,4,4.522989999999999,30
"51881 - Acute respiratry failure",1922,4,7.762059999999998,25
"4019 - Hypertension NOS",1922,4,5.442255999999999,25
"78552 - Septic shock",1922,5,10.031066666666666,3
"42731 - Atrial fibrillation",1922,5,1.2217,2
"51881 - Acute respiratry failure",1922,5,14.66225,2
"V053 - Need prphyl vc vrl hepat",1923,1,0.9316799999999998,15
"V3000 - Single lb in-hosp w/o cs",1923,1,3.188899999999999,12
"V290 - NB obsrv suspct infect",1923,1,1.1809363636363637,11
"4019 - Hypertension NOS",1923,2,2.2923390625000004,64
"42731 - Atrial fibrillation",1923,2,2.6470682926829263,41
"41401 - Crnry athrscl natve vssl",1923,2,2.6597552631578942,38
"4019 - Hypertension NOS",1923,3,5.408040625000001,96
"4280 - CHF NOS",1923,3,4.685091954022988,87
"41401 - Crnry athrscl natve vssl",1923,3,4.5477,74
"51881 - Acute respiratry failure",1923,4,10.682225,28
"4019 - Hypertension NOS",1923,4,7.736841666666667,24
"42731 - Atrial fibrillation",1923,4,13.213163157894735,19
"99592 - Severe sepsis",1923,5,0.9773499999999999,2
"0389 - Septicemia NOS",1923,5,0.9773499999999999,2
"51881 - Acute respiratry failure",1923,5,0.9773499999999999,2
"V053 - Need prphyl vc vrl hepat",1924,1,0.171696,26
"V290 - NB obsrv suspct infect",1924,1,0.16741176470588237,18
"V3001 - Single lb in-hosp w cs",1924,1,0.24863571428571432,15
"4280 - CHF NOS",1924,2,2.681048333333332,60
"4019 - Hypertension NOS",1924,2,2.6853461538461536,52
"42731 - Atrial fibrillation",1924,2,5.063997872340425,47
"4019 - Hypertension NOS",1924,3,4.206990677966101,118
"42731 - Atrial fibrillation",1924,3,4.0237802197802175,91
"4280 - CHF NOS",1924,3,3.6225224999999996,80
"4019 - Hypertension NOS",1924,4,4.757875675675675,37
"42731 - Atrial fibrillation",1924,4,5.274399999999999,23
"4280 - CHF NOS",1924,4,7.847390476190476,21
"4280 - CHF NOS",1924,5,23.509800000000002,3
"51881 - Acute respiratry failure",1924,5,23.509800000000002,3
"27801 - Morbid obesity",1924,5,31.88495,2
"V053 - Need prphyl vc vrl hepat",1925,1,1.3493210526315789,19
"V290 - NB obsrv suspct infect",1925,1,1.5431499999999998,16
"V3000 - Single lb in-hosp w/o cs",1925,1,1.3287538461538462,13
"4019 - Hypertension NOS",1925,2,2.4568835616438363,73
"4280 - CHF NOS",1925,2,2.3996068181818178,44
"41401 - Crnry athrscl natve vssl",1925,2,2.3166999999999995,42
"4019 - Hypertension NOS",1925,3,4.136926530612246,98
"42731 - Atrial fibrillation",1925,3,4.658303529411768,85
"4280 - CHF NOS",1925,3,5.389869512195124,82
"4280 - CHF NOS",1925,4,9.719115625000002,32
"51881 - Acute respiratry failure",1925,4,10.649923333333335,30
"42731 - Atrial fibrillation",1925,4,9.37519230769231,26
"4280 - CHF NOS",1925,5,1.6794499999999999,2
"41400 - Cor ath unsp vsl ntv/gft",1925,5,1.6794499999999999,2
"51881 - Acute respiratry failure",1925,5,1.6794499999999999,2
"V053 - Need prphyl vc vrl hepat",1926,1,6.462947619047622,21
"V3000 - Single lb in-hosp w/o cs",1926,1,3.6093499999999996,16
"V290 - NB obsrv suspct infect",1926,1,8.832356250000002,16
"4019 - Hypertension NOS",1926,2,2.599972972972973,74
"4280 - CHF NOS",1926,2,3.134865714285714,35
"V290 - NB obsrv suspct infect",1926,2,5.047185714285713,35
"4019 - Hypertension NOS",1926,3,4.644274736842107,95
"41401 - Crnry athrscl natve vssl",1926,3,3.2288053333333337,75
"4280 - CHF NOS",1926,3,4.440910294117647,68
"51881 - Acute respiratry failure",1926,4,8.540636842105265,38
"4019 - Hypertension NOS",1926,4,4.005822222222222,27
"5849 - Acute kidney failure NOS",1926,4,7.050629166666667,24
"2762 - Acidosis",1926,5,6.297375,4
"4280 - CHF NOS",1926,5,23.277733333333334,3
"4019 - Hypertension NOS",1926,5,12.598366666666665,3
"V053 - Need prphyl vc vrl hepat",1927,1,0.5771363636363636,11
"V290 - NB obsrv suspct infect",1927,1,0.5959818181818183,11
"V3000 - Single lb in-hosp w/o cs",1927,1,0.636,10
"4019 - Hypertension NOS",1927,2,2.4279441558441563,77
"41401 - Crnry athrscl natve vssl",1927,2,2.2165312499999996,48
"V053 - Need prphyl vc vrl hepat",1927,2,4.843652272727272,44
"4019 - Hypertension NOS",1927,3,4.003031067961164,103
"4280 - CHF NOS",1927,3,4.505208333333332,72
"42731 - Atrial fibrillation",1927,3,4.714301492537313,67
"4019 - Hypertension NOS",1927,4,6.7121666666666675,39
"51881 - Acute respiratry failure",1927,4,10.61628125,32
"42731 - Atrial fibrillation",1927,4,6.495903571428571,28
"25000 - DMII wo cmp nt st uncntr",1927,5,3.06775,2
"2762 - Acidosis",1927,5,1.4684,2
"40390 - Hy kid NOS w cr kid I-IV",1927,5,5.5158,2
"V053 - Need prphyl vc vrl hepat",1928,1,0.8503428571428572,14
"V290 - NB obsrv suspct infect",1928,1,0.8781538461538461,13
"V3001 - Single lb in-hosp w cs",1928,1,1.0565636363636364,11
"4019 - Hypertension NOS",1928,2,2.1483589041095894,73
"41401 - Crnry athrscl natve vssl",1928,2,2.625284745762711,59
"2724 - Hyperlipidemia NEC/NOS",1928,2,1.7096170731707319,41
"4019 - Hypertension NOS",1928,3,4.353989915966386,119
"41401 - Crnry athrscl natve vssl",1928,3,3.3881051948051946,77
"42731 - Atrial fibrillation",1928,3,3.852286111111111,72
"4019 - Hypertension NOS",1928,4,6.282134999999999,20
"51881 - Acute respiratry failure",1928,4,6.400934999999999,20
"42731 - Atrial fibrillation",1928,4,3.964015789473684,19
"51881 - Acute respiratry failure",1928,5,2.7169749999999997,4
"4280 - CHF NOS",1928,5,2.7169749999999997,4
"42731 - Atrial fibrillation",1928,5,2.649825,4
"V053 - Need prphyl vc vrl hepat",1929,1,0.11910588235294117,17
"V290 - NB obsrv suspct infect",1929,1,0.09102307692307693,13
"V3000 - Single lb in-hosp w/o cs",1929,1,0.12745,12
"4019 - Hypertension NOS",1929,2,2.399408108108108,74
"41401 - Crnry athrscl natve vssl",1929,2,2.3324644444444442,45
"4280 - CHF NOS",1929,2,3.3458022222222232,45
"4019 - Hypertension NOS",1929,3,4.5168066666666675,105
"41401 - Crnry athrscl natve vssl",1929,3,3.5980384615384606,78
"42731 - Atrial fibrillation",1929,3,4.473935897435896,78
"42731 - Atrial fibrillation",1929,4,5.062558333333334,24
"4280 - CHF NOS",1929,4,6.09398695652174,23
"51881 - Acute respiratry failure",1929,4,5.796326086956521,23
"53081 - Esophageal reflux",1929,5,2.75645,2
"486 - Pneumonia, organism NOS",1929,5,1.3358,1
"4275 - Cardiac arrest",1929,5,1.0137,1
"V053 - Need prphyl vc vrl hepat",1930,1,0.23150000000000004,10
"V3000 - Single lb in-hosp w/o cs",1930,1,0.26772500000000005,8
"V290 - NB obsrv suspct infect",1930,1,0.12605000000000002,6
"4019 - Hypertension NOS",1930,2,2.458279032258064,62
"41401 - Crnry athrscl natve vssl",1930,2,2.2825605263157898,38
"5849 - Acute kidney failure NOS",1930,2,3.507813513513513,37
"4019 - Hypertension NOS",1930,3,3.222927358490567,106
"4280 - CHF NOS",1930,3,4.800527999999998,75
"42731 - Atrial fibrillation",1930,3,4.195432876712329,73
"51881 - Acute respiratry failure",1930,4,10.107899999999999,31
"5849 - Acute kidney failure NOS",1930,4,9.679867857142856,28
"4280 - CHF NOS",1930,4,6.336638461538461,26
"5849 - Acute kidney failure NOS",1930,5,4.6899,2
"51881 - Acute respiratry failure",1930,5,4.6899,2
"4280 - CHF NOS",1930,5,4.6899,2
"V290 - NB obsrv suspct infect",1931,1,11.718666666666667,15
"V053 - Need prphyl vc vrl hepat",1931,1,7.014757142857143,14
"V3000 - Single lb in-hosp w/o cs",1931,1,8.01514,10
"4019 - Hypertension NOS",1931,2,2.06323787878788,66
"4280 - CHF NOS",1931,2,2.374670731707317,41
"V290 - NB obsrv suspct infect",1931,2,3.698435135135134,37
"4019 - Hypertension NOS",1931,3,3.8177220183486247,109
"42731 - Atrial fibrillation",1931,3,4.929544329896907,97
"4280 - CHF NOS",1931,3,5.069502380952382,84
"42731 - Atrial fibrillation",1931,4,6.665366666666667,27
"4280 - CHF NOS",1931,4,8.008472000000001,25
"4019 - Hypertension NOS",1931,4,5.792540909090909,22
"51881 - Acute respiratry failure",1931,5,9.475719999999999,5
"99592 - Severe sepsis",1931,5,11.11845,4
"0389 - Septicemia NOS",1931,5,7.279100000000001,3
"V053 - Need prphyl vc vrl hepat",1932,1,0.178032,25
"V3000 - Single lb in-hosp w/o cs",1932,1,0.19726470588235293,17
"V290 - NB obsrv suspct infect",1932,1,0.20408125,16
"4019 - Hypertension NOS",1932,2,2.965811940298508,67
"4280 - CHF NOS",1932,2,3.795355102040815,49
"41401 - Crnry athrscl natve vssl",1932,2,2.961933333333333,48
"4019 - Hypertension NOS",1932,3,3.933285981308412,107
"4280 - CHF NOS",1932,3,4.091038383838384,99
"42731 - Atrial fibrillation",1932,3,4.148040449438202,89
"51881 - Acute respiratry failure",1932,4,7.678016129032259,31
"4019 - Hypertension NOS",1932,4,6.993240000000001,25
"5849 - Acute kidney failure NOS",1932,4,7.704939999999998,20
"4280 - CHF NOS",1932,5,6.312366666666667,3
"4019 - Hypertension NOS",1932,5,5.187633333333333,3
"42731 - Atrial fibrillation",1932,5,5.187633333333333,3
"V053 - Need prphyl vc vrl hepat",1933,1,6.850035294117648,17
"V3000 - Single lb in-hosp w/o cs",1933,1,0.3036909090909092,11
"V290 - NB obsrv suspct infect",1933,1,1.9716999999999998,11
"4019 - Hypertension NOS",1933,2,1.694897959183674,49
"4280 - CHF NOS",1933,2,3.744735294117647,34
"V290 - NB obsrv suspct infect",1933,2,4.968041176470588,34
"4019 - Hypertension NOS",1933,3,4.715480172413796,116
"4280 - CHF NOS",1933,3,5.854271428571427,84
"42731 - Atrial fibrillation",1933,3,5.759015277777781,72
"5849 - Acute kidney failure NOS",1933,4,5.50921304347826,23
"51881 - Acute respiratry failure",1933,4,6.803813043478259,23
"4019 - Hypertension NOS",1933,4,3.991326086956522,23
"5849 - Acute kidney failure NOS",1933,5,5.6775,4
"0389 - Septicemia NOS",1933,5,0.5907,3
"78551 - Cardiogenic shock",1933,5,10.62955,2
"V053 - Need prphyl vc vrl hepat",1934,1,0.1195705882352941,17
"V3000 - Single lb in-hosp w/o cs",1934,1,0.08229230769230769,13
"V290 - NB obsrv suspct infect",1934,1,0.15049,10
"4019 - Hypertension NOS",1934,2,3.0838757575757567,66
"4280 - CHF NOS",1934,2,2.959731818181818,44
"41401 - Crnry athrscl natve vssl",1934,2,3.0344512195121944,41
"4019 - Hypertension NOS",1934,3,4.722747154471545,123
"42731 - Atrial fibrillation",1934,3,5.220059999999999,95
"4280 - CHF NOS",1934,3,4.287595454545454,88
"51881 - Acute respiratry failure",1934,4,9.908585714285712,28
"4019 - Hypertension NOS",1934,4,5.624203846153846,26
"42731 - Atrial fibrillation",1934,4,8.737508,25
"0389 - Septicemia NOS",1934,5,2.002,1
"36201 - Diabetic retinopathy NOS",1934,5,15.4506,1
"99674 - Comp-oth vasc dev/graft",1934,5,15.4506,1
"V053 - Need prphyl vc vrl hepat",1935,1,5.906457142857142,14
"V290 - NB obsrv suspct infect",1935,1,6.312961538461537,13
"V3000 - Single lb in-hosp w/o cs",1935,1,6.359892307692307,13
"4019 - Hypertension NOS",1935,2,3.2205821428571424,56
"41401 - Crnry athrscl natve vssl",1935,2,4.399122727272728,44
"4280 - CHF NOS",1935,2,4.39643953488372,43
"4019 - Hypertension NOS",1935,3,4.301003174603177,126
"42731 - Atrial fibrillation",1935,3,7.369912048192776,83
"4280 - CHF NOS",1935,3,5.503782051282052,78
"51881 - Acute respiratry failure",1935,4,9.130508571428571,35
"42731 - Atrial fibrillation",1935,4,6.3974931034482765,29
"4019 - Hypertension NOS",1935,4,8.483688888888889,27
"42731 - Atrial fibrillation",1935,5,2.5655666666666668,3
"4280 - CHF NOS",1935,5,2.5655666666666668,3
"4019 - Hypertension NOS",1935,5,2.6238,3
"V053 - Need prphyl vc vrl hepat",1936,1,6.90977619047619,21
"V290 - NB obsrv suspct infect",1936,1,2.28261875,16
"V3000 - Single lb in-hosp w/o cs",1936,1,1.6409090909090909,11
"4019 - Hypertension NOS",1936,2,2.4513614457831316,83
"41401 - Crnry athrscl natve vssl",1936,2,2.597413461538461,52
"4280 - CHF NOS",1936,2,2.700647222222223,36
"4019 - Hypertension NOS",1936,3,4.125236842105265,114
"4280 - CHF NOS",1936,3,5.332628205128207,78
"41401 - Crnry athrscl natve vssl",1936,3,3.485144871794873,78
"4019 - Hypertension NOS",1936,4,4.41879090909091,33
"51881 - Acute respiratry failure",1936,4,8.514634375000002,32
"4280 - CHF NOS",1936,4,7.154133333333334,21
"2875 - Thrombocytopenia NOS",1936,5,3.1234,1
"4168 - Chr pulmon heart dis NEC",1936,5,3.1234,1
"5070 - Food/vomit pneumonitis",1936,5,3.1234,1
"V053 - Need prphyl vc vrl hepat",1937,1,0.4919411764705882,17
"V3000 - Single lb in-hosp w/o cs",1937,1,0.5948461538461539,13
"V290 - NB obsrv suspct infect",1937,1,0.19123846153846152,13
"4019 - Hypertension NOS",1937,2,2.3915253968253958,63
"V053 - Need prphyl vc vrl hepat",1937,2,4.133879069767443,43
"41401 - Crnry athrscl natve vssl",1937,2,2.5955069767441854,43
"4019 - Hypertension NOS",1937,3,3.3255216494845365,97
"42731 - Atrial fibrillation",1937,3,4.699568918918921,74
"4280 - CHF NOS",1937,3,5.695059722222224,72
"4280 - CHF NOS",1937,4,7.005004000000001,25
"4019 - Hypertension NOS",1937,4,3.9840080000000007,25
"42731 - Atrial fibrillation",1937,4,5.911996,25
"40391 - Hyp kid NOS w cr kid V",1937,5,2.2877,1
"V08 - Asymp hiv infectn status",1937,5,2.2877,1
"2819 - Deficiency anemia NOS",1937,5,2.2877,1
"V053 - Need prphyl vc vrl hepat",1938,1,4.554976470588235,17
"V290 - NB obsrv suspct infect",1938,1,0.18183846153846156,13
"V3000 - Single lb in-hosp w/o cs",1938,1,0.19135833333333332,12
"4019 - Hypertension NOS",1938,2,2.1580512195121955,82
"42731 - Atrial fibrillation",1938,2,2.677942857142857,56
"4280 - CHF NOS",1938,2,2.97835652173913,46
"4019 - Hypertension NOS",1938,3,3.392392523364488,107
"42731 - Atrial fibrillation",1938,3,3.700558227848103,79
"4280 - CHF NOS",1938,3,3.1439013513513525,74
"51881 - Acute respiratry failure",1938,4,10.356509090909094,33
"4019 - Hypertension NOS",1938,4,5.18942962962963,27
"4280 - CHF NOS",1938,4,5.586362500000001,24
"4280 - CHF NOS",1938,5,4.025880000000001,5
"42731 - Atrial fibrillation",1938,5,3.9686250000000003,4
"41401 - Crnry athrscl natve vssl",1938,5,3.6907,3
"V053 - Need prphyl vc vrl hepat",1939,1,1.181247619047619,21
"V3000 - Single lb in-hosp w/o cs",1939,1,2.6119399999999997,15
"V290 - NB obsrv suspct infect",1939,1,4.493415384615385,13
"4019 - Hypertension NOS",1939,2,2.770779104477612,67
"4280 - CHF NOS",1939,2,5.361091836734694,49
"41401 - Crnry athrscl natve vssl",1939,2,3.421202127659574,47
"4019 - Hypertension NOS",1939,3,4.525563265306122,98
"4280 - CHF NOS",1939,3,6.770712790697676,86
"42731 - Atrial fibrillation",1939,3,7.530993975903615,83
"42731 - Atrial fibrillation",1939,4,9.760279411764706,34
"4019 - Hypertension NOS",1939,4,5.0526793103448275,29
"51881 - Acute respiratry failure",1939,4,10.723052000000001,25
"2762 - Acidosis",1939,5,1.8205666666666669,3
"4019 - Hypertension NOS",1939,5,1.8205666666666669,3
"2724 - Hyperlipidemia NEC/NOS",1939,5,2.1073,2
"V290 - NB obsrv suspct infect",1940,1,0.43203,20
"V053 - Need prphyl vc vrl hepat",1940,1,0.24471764705882357,17
"V3000 - Single lb in-hosp w/o cs",1940,1,0.3820058823529412,17
"4019 - Hypertension NOS",1940,2,2.4567397435897447,78
"42731 - Atrial fibrillation",1940,2,3.20361304347826,46
"41401 - Crnry athrscl natve vssl",1940,2,2.806797560975609,41
"4019 - Hypertension NOS",1940,3,3.6422327433628316,113
"4280 - CHF NOS",1940,3,5.607843055555556,72
"42731 - Atrial fibrillation",1940,3,5.153276119402984,67
"42731 - Atrial fibrillation",1940,4,6.535116666666667,36
"4019 - Hypertension NOS",1940,4,4.259477777777778,27
"4280 - CHF NOS",1940,4,8.631507692307693,26
"2762 - Acidosis",1940,5,3.6785333333333328,3
"99592 - Severe sepsis",1940,5,18.7236,3
"42731 - Atrial fibrillation",1940,5,13.546433333333335,3
"V053 - Need prphyl vc vrl hepat",1941,1,0.6600681818181817,22
"V3000 - Single lb in-hosp w/o cs",1941,1,0.7590388888888888,18
"V290 - NB obsrv suspct infect",1941,1,0.21373846153846154,13
"4019 - Hypertension NOS",1941,2,2.252648214285714,56
"42731 - Atrial fibrillation",1941,2,3.554448387096774,31
"41401 - Crnry athrscl natve vssl",1941,2,2.8081758620689654,29
"4019 - Hypertension NOS",1941,3,3.71513,110
"4280 - CHF NOS",1941,3,6.377521505376342,93
"42731 - Atrial fibrillation",1941,3,5.1587280898876395,89
"51881 - Acute respiratry failure",1941,4,11.167604,25
"4019 - Hypertension NOS",1941,4,6.903300000000001,24
"5849 - Acute kidney failure NOS",1941,4,11.823560869565222,23
"570 - Acute necrosis of liver",1941,5,1.27005,2
"5849 - Acute kidney failure NOS",1941,5,1.27005,2
"4439 - Periph vascular dis NOS",1941,5,1.27005,2
"V3000 - Single lb in-hosp w/o cs",1942,1,0.46890526315789477,19
"V290 - NB obsrv suspct infect",1942,1,0.4734625,16
"V053 - Need prphyl vc vrl hepat",1942,1,0.5290666666666667,15
"4019 - Hypertension NOS",1942,2,4.756894805194806,77
"42731 - Atrial fibrillation",1942,2,5.905720930232557,43
"V053 - Need prphyl vc vrl hepat",1942,2,2.4393024999999993,40
"4019 - Hypertension NOS",1942,3,3.757835433070865,127
"42731 - Atrial fibrillation",1942,3,6.795225773195877,97
"41401 - Crnry athrscl natve vssl",1942,3,4.657707407407408,81
"4019 - Hypertension NOS",1942,4,7.5225727272727285,33
"42731 - Atrial fibrillation",1942,4,8.891274074074074,27
"4280 - CHF NOS",1942,4,7.540124,25
"4280 - CHF NOS",1942,5,1.3643750000000001,4
"51881 - Acute respiratry failure",1942,5,4.134633333333333,3
"4019 - Hypertension NOS",1942,5,1.6564666666666668,3
"V053 - Need prphyl vc vrl hepat",1943,1,0.11697692307692308,13
"V290 - NB obsrv suspct infect",1943,1,0.15234999999999999,8
"V3000 - Single lb in-hosp w/o cs",1943,1,0.12055714285714285,7
"4019 - Hypertension NOS",1943,2,2.233706329113925,79
"41401 - Crnry athrscl natve vssl",1943,2,2.552198245614035,57
"42731 - Atrial fibrillation",1943,2,2.9764062500000015,48
"4019 - Hypertension NOS",1943,3,5.33699104477612,134
"42731 - Atrial fibrillation",1943,3,5.871504587155964,109
"4280 - CHF NOS",1943,3,6.429755670103093,97
"42731 - Atrial fibrillation",1943,4,7.547821428571429,28
"4019 - Hypertension NOS",1943,4,6.108611111111112,27
"51881 - Acute respiratry failure",1943,4,7.077131999999999,25
"42731 - Atrial fibrillation",1943,5,0.9199499999999999,2
"1985 - Secondary malig neo bone",1943,5,0.9199499999999999,2
"4280 - CHF NOS",1943,5,0.9199499999999999,2
"V053 - Need prphyl vc vrl hepat",1944,1,1.6582666666666666,18
"V290 - NB obsrv suspct infect",1944,1,1.4814083333333334,12
"V3000 - Single lb in-hosp w/o cs",1944,1,1.5160900000000002,10
"4019 - Hypertension NOS",1944,2,2.9878529411764694,68
"42731 - Atrial fibrillation",1944,2,3.3654395348837207,43
"41401 - Crnry athrscl natve vssl",1944,2,2.35604358974359,39
"4019 - Hypertension NOS",1944,3,3.2533235849056594,106
"42731 - Atrial fibrillation",1944,3,4.178717105263158,76
"25000 - DMII wo cmp nt st uncntr",1944,3,3.370723611111112,72
"4019 - Hypertension NOS",1944,4,6.645155172413792,29
"42731 - Atrial fibrillation",1944,4,9.441532,25
"4280 - CHF NOS",1944,4,11.154485714285716,21
"42731 - Atrial fibrillation",1944,5,9.213433333333334,3
"496 - Chr airway obstruct NEC",1944,5,10.314300000000001,2
"51881 - Acute respiratry failure",1944,5,10.314300000000001,2
"V053 - Need prphyl vc vrl hepat",1945,1,0.7319388888888888,19
"V3000 - Single lb in-hosp w/o cs",1945,1,0.4133727272727273,11
"V290 - NB obsrv suspct infect",1945,1,0.7917727272727272,11
"4019 - Hypertension NOS",1945,2,2.548097297297297,74
"41401 - Crnry athrscl natve vssl",1945,2,2.7133046511627907,43
"4280 - CHF NOS",1945,2,3.593102702702703,37
"4019 - Hypertension NOS",1945,3,3.9879128205128214,117
"4280 - CHF NOS",1945,3,3.8837923076923073,91
"42731 - Atrial fibrillation",1945,3,5.131818292682926,82
"4019 - Hypertension NOS",1945,4,7.407466666666667,21
"4280 - CHF NOS",1945,4,6.423335000000002,20
"51881 - Acute respiratry failure",1945,4,8.062075,16
"41081 - AMI NEC, initial",1945,5,5.7148,1
"49121 - Obs chr bronc w(ac) exac",1945,5,5.7148,1
"V103 - Hx of breast malignancy",1945,5,5.7148,1
"V053 - Need prphyl vc vrl hepat",1946,1,0.8091352941176472,17
"V3000 - Single lb in-hosp w/o cs",1946,1,0.4371384615384616,14
"V290 - NB obsrv suspct infect",1946,1,0.14576666666666668,13
"4019 - Hypertension NOS",1946,2,4.141556962025316,79
"4280 - CHF NOS",1946,2,2.8681346153846152,52
"41401 - Crnry athrscl natve vssl",1946,2,2.7546500000000003,46
"4019 - Hypertension NOS",1946,3,4.08739924242424,132
"42731 - Atrial fibrillation",1946,3,4.960575641025642,78
"4280 - CHF NOS",1946,3,4.139980281690141,71
"42731 - Atrial fibrillation",1946,4,8.060167741935484,31
"4280 - CHF NOS",1946,4,7.750796153846155,26
"4019 - Hypertension NOS",1946,4,4.276204347826087,23
"51881 - Acute respiratry failure",1946,5,4.326866666666667,3
"5849 - Acute kidney failure NOS",1946,5,1.7375,3
"2762 - Acidosis",1946,5,1.72095,2
"V053 - Need prphyl vc vrl hepat",1947,1,0.31964666666666663,15
"V3000 - Single lb in-hosp w/o cs",1947,1,1.9268900000000002,10
"V290 - NB obsrv suspct infect",1947,1,2.181211111111111,9
"4019 - Hypertension NOS",1947,2,2.0439313253012052,83
"25000 - DMII wo cmp nt st uncntr",1947,2,1.8935854166666664,48
"4280 - CHF NOS",1947,2,2.802897777777778,45
"4019 - Hypertension NOS",1947,3,4.605814285714286,112
"42731 - Atrial fibrillation",1947,3,5.08988426966292,89
"4280 - CHF NOS",1947,3,5.681316666666665,78
"51881 - Acute respiratry failure",1947,4,5.5051375,32
"4280 - CHF NOS",1947,4,7.0470516129032275,31
"4019 - Hypertension NOS",1947,4,4.7279035714285715,28
"4019 - Hypertension NOS",1947,5,6.283250000000001,4
"99592 - Severe sepsis",1947,5,7.640533333333334,3
"51881 - Acute respiratry failure",1947,5,5.015366666666667,3
"V053 - Need prphyl vc vrl hepat",1948,1,2.3407266666666673,15
"V290 - NB obsrv suspct infect",1948,1,2.3270666666666666,15
"V3000 - Single lb in-hosp w/o cs",1948,1,2.6573666666666664,12
"4019 - Hypertension NOS",1948,2,2.1872246753246762,77
"41401 - Crnry athrscl natve vssl",1948,2,2.53013,50
"4280 - CHF NOS",1948,2,2.512883673469388,49
"4019 - Hypertension NOS",1948,3,4.213164957264956,117
"41401 - Crnry athrscl natve vssl",1948,3,4.25076951219512,82
"42731 - Atrial fibrillation",1948,3,5.737889333333334,75
"4019 - Hypertension NOS",1948,4,5.0906086956521746,23
"51881 - Acute respiratry failure",1948,4,7.438227272727274,22
"4280 - CHF NOS",1948,4,5.968790909090908,22
"4019 - Hypertension NOS",1948,5,4.2597000000000005,2
"5849 - Acute kidney failure NOS",1948,5,3.5846,2
"51881 - Acute respiratry failure",1948,5,4.2597000000000005,2
"V053 - Need prphyl vc vrl hepat",1949,1,0.2506071428571429,14
"V290 - NB obsrv suspct infect",1949,1,0.47201538461538467,13
"V3000 - Single lb in-hosp w/o cs",1949,1,0.6358333333333334,9
"4019 - Hypertension NOS",1949,2,2.9515962500000006,80
"4280 - CHF NOS",1949,2,2.941753448275864,58
"41401 - Crnry athrscl natve vssl",1949,2,2.975933333333334,51
"4019 - Hypertension NOS",1949,3,4.81112523364486,107
"4280 - CHF NOS",1949,3,4.9490035294117645,85
"42731 - Atrial fibrillation",1949,3,4.506898701298703,77
"4280 - CHF NOS",1949,4,6.0312913043478265,23
"42731 - Atrial fibrillation",1949,4,8.413139999999999,20
"51881 - Acute respiratry failure",1949,4,9.874588888888887,18
"4019 - Hypertension NOS",1949,5,1.5758,4
"99592 - Severe sepsis",1949,5,4.7288499999999996,4
"4280 - CHF NOS",1949,5,4.818266666666667,3
"V290 - NB obsrv suspct infect",1950,1,0.22737727272727268,22
"V053 - Need prphyl vc vrl hepat",1950,1,0.2657409090909091,22
"V3000 - Single lb in-hosp w/o cs",1950,1,0.23265000000000002,14
"4019 - Hypertension NOS",1950,2,2.66449142857143,70
"4280 - CHF NOS",1950,2,2.96798510638298,47
"41401 - Crnry athrscl natve vssl",1950,2,2.6390558139534885,43
"4019 - Hypertension NOS",1950,3,3.8566468085106385,94
"4280 - CHF NOS",1950,3,4.747009589041096,73
"42731 - Atrial fibrillation",1950,3,4.754705970149255,67
"4280 - CHF NOS",1950,4,5.388025000000002,24
"4019 - Hypertension NOS",1950,4,4.9549625,24
"42731 - Atrial fibrillation",1950,4,4.228852173913044,23
"99592 - Severe sepsis",1950,5,10.86525,2
"41071 - Subendo infarct, initial",1950,5,1.0383,1
"2762 - Acidosis",1950,5,1.0383,1
"V053 - Need prphyl vc vrl hepat",1951,1,0.08552307692307694,13
"V3000 - Single lb in-hosp w/o cs",1951,1,0.12593636363636365,11
"V290 - NB obsrv suspct infect",1951,1,0.13789,10
"4019 - Hypertension NOS",1951,2,2.489344047619048,84
"41401 - Crnry athrscl natve vssl",1951,2,2.288461224489796,49
"42731 - Atrial fibrillation",1951,2,2.7881340909090913,44
"4019 - Hypertension NOS",1951,3,4.215041071428572,112
"4280 - CHF NOS",1951,3,5.449831818181818,88
"42731 - Atrial fibrillation",1951,3,5.474625,72
"42731 - Atrial fibrillation",1951,4,8.374836363636366,33
"4019 - Hypertension NOS",1951,4,8.174577777777781,27
"51881 - Acute respiratry failure",1951,4,10.725195833333336,24
"4019 - Hypertension NOS",1951,5,1.9746000000000001,4
"5849 - Acute kidney failure NOS",1951,5,16.6546,3
"51881 - Acute respiratry failure",1951,5,24.53105,2
"V053 - Need prphyl vc vrl hepat",1952,1,0.9015833333333334,18
"V290 - NB obsrv suspct infect",1952,1,1.1809923076923075,13
"V3001 - Single lb in-hosp w cs",1952,1,0.6305818181818181,11
"4019 - Hypertension NOS",1952,2,2.4158999999999993,76
"41401 - Crnry athrscl natve vssl",1952,2,2.901171153846153,52
"4280 - CHF NOS",1952,2,3.6723901960784313,51
"4019 - Hypertension NOS",1952,3,4.404111475409836,122
"42731 - Atrial fibrillation",1952,3,5.642465476190476,84
"4280 - CHF NOS",1952,3,4.450059756097563,82
"4019 - Hypertension NOS",1952,4,8.700212500000001,24
"5849 - Acute kidney failure NOS",1952,4,9.991813043478261,23
"51881 - Acute respiratry failure",1952,4,9.918170588235295,17
"4019 - Hypertension NOS",1952,5,5.654066666666666,3
"4280 - CHF NOS",1952,5,5.654066666666666,3
"3481 - Anoxic brain damage",1952,5,2.57015,2
"V053 - Need prphyl vc vrl hepat",1953,1,1.1685266666666665,15
"V290 - NB obsrv suspct infect",1953,1,1.103157142857143,14
"V3000 - Single lb in-hosp w/o cs",1953,1,0.3848857142857143,14
"4019 - Hypertension NOS",1953,2,2.4076640624999994,64
"41401 - Crnry athrscl natve vssl",1953,2,1.8863720930232561,43
"4280 - CHF NOS",1953,2,3.76605641025641,39
"4019 - Hypertension NOS",1953,3,3.311893220338984,118
"42731 - Atrial fibrillation",1953,3,4.391492592592594,81
"4280 - CHF NOS",1953,3,4.054165384615386,78
"4019 - Hypertension NOS",1953,4,5.774404347826088,23
"4280 - CHF NOS",1953,4,6.831125,20
"51881 - Acute respiratry failure",1953,4,12.735795,20
"42731 - Atrial fibrillation",1953,5,6.66495,2
"0389 - Septicemia NOS",1953,5,9.272549999999999,2
"486 - Pneumonia, organism NOS",1953,5,9.272549999999999,2
"V053 - Need prphyl vc vrl hepat",1954,1,0.4752882352941177,17
"V290 - NB obsrv suspct infect",1954,1,0.548525,12
"V3000 - Single lb in-hosp w/o cs",1954,1,1.1428416666666668,12
"4019 - Hypertension NOS",1954,2,1.978668493150685,73
"41401 - Crnry athrscl natve vssl",1954,2,1.8739177777777778,45
"4280 - CHF NOS",1954,2,5.16395,38
"4019 - Hypertension NOS",1954,3,4.957746067415731,89
"42731 - Atrial fibrillation",1954,3,5.027812162162161,74
"4280 - CHF NOS",1954,3,4.056365714285714,70
"51881 - Acute respiratry failure",1954,4,9.639680952380953,21
"4019 - Hypertension NOS",1954,4,5.33998,20
"42731 - Atrial fibrillation",1954,4,7.622350000000001,18
"25000 - DMII wo cmp nt st uncntr",1954,5,7.066533333333333,3
"4019 - Hypertension NOS",1954,5,1.1644666666666668,3
"51881 - Acute respiratry failure",1954,5,1.1514333333333335,3
"V053 - Need prphyl vc vrl hepat",1955,1,3.0960066666666672,15
"V290 - NB obsrv suspct infect",1955,1,6.636915384615384,13
"V3000 - Single lb in-hosp w/o cs",1955,1,1.989481818181818,11
"4019 - Hypertension NOS",1955,2,2.0980189189189193,74
"4280 - CHF NOS",1955,2,2.4843576923076913,52
"41401 - Crnry athrscl natve vssl",1955,2,2.6295319148936174,47
"4019 - Hypertension NOS",1955,3,3.6626030612244924,98
"4280 - CHF NOS",1955,3,5.670445070422537,71
"42731 - Atrial fibrillation",1955,3,5.6604808823529424,68
"4019 - Hypertension NOS",1955,4,5.559696666666666,30
"5849 - Acute kidney failure NOS",1955,4,6.2619888888888875,27
"51881 - Acute respiratry failure",1955,4,5.902803846153846,26
"51881 - Acute respiratry failure",1955,5,5.4771833333333335,6
"4280 - CHF NOS",1955,5,3.7696200000000006,5
"5849 - Acute kidney failure NOS",1955,5,6.687600000000001,4
"V053 - Need prphyl vc vrl hepat",1956,1,1.1351200000000001,15
"V502 - Routine circumcision",1956,1,1.4155636363636364,11
"V290 - NB obsrv suspct infect",1956,1,2.9324900000000005,10
"4019 - Hypertension NOS",1956,2,2.4268563636363636,55
"41401 - Crnry athrscl natve vssl",1956,2,2.540331707317073,41
"V053 - Need prphyl vc vrl hepat",1956,2,4.987558333333334,36
"4019 - Hypertension NOS",1956,3,3.9794952755905504,127
"42731 - Atrial fibrillation",1956,3,4.098092682926829,82
"41401 - Crnry athrscl natve vssl",1956,3,3.1241444444444446,81
"4019 - Hypertension NOS",1956,4,8.389975,28
"5849 - Acute kidney failure NOS",1956,4,9.837913043478261,23
"51881 - Acute respiratry failure",1956,4,8.017595454545454,22
"51881 - Acute respiratry failure",1956,5,5.804966666666666,3
"2762 - Acidosis",1956,5,4.6842,2
"5712 - Alcohol cirrhosis liver",1956,5,7.3751999999999995,2
"V053 - Need prphyl vc vrl hepat",1957,1,0.8421399999999999,10
"V3000 - Single lb in-hosp w/o cs",1957,1,0.7290375,8
"V290 - NB obsrv suspct infect",1957,1,0.785457142857143,7
"4019 - Hypertension NOS",1957,2,2.3948844155844156,77
"41401 - Crnry athrscl natve vssl",1957,2,2.2451803921568625,52
"4280 - CHF NOS",1957,2,4.559479487179487,39
"4019 - Hypertension NOS",1957,3,3.2351925925925946,108
"42731 - Atrial fibrillation",1957,3,3.6632831168831164,77
"4280 - CHF NOS",1957,3,4.321436,75
"51881 - Acute respiratry failure",1957,4,8.88287037037037,27
"4280 - CHF NOS",1957,4,8.854304166666667,24
"4019 - Hypertension NOS",1957,4,6.059366666666668,24
"5849 - Acute kidney failure NOS",1957,5,13.2896,2
"42731 - Atrial fibrillation",1957,5,19.68785,2
"4019 - Hypertension NOS",1957,5,19.68785,2
"V053 - Need prphyl vc vrl hepat",1958,1,0.6729933333333332,15
"V3000 - Single lb in-hosp w/o cs",1958,1,0.20643999999999996,10
"V3001 - Single lb in-hosp w cs",1958,1,1.0417125,8
"4019 - Hypertension NOS",1958,2,3.5940957142857153,70
"4280 - CHF NOS",1958,2,3.1550341463414635,41
"41401 - Crnry athrscl natve vssl",1958,2,2.526022222222222,36
"4019 - Hypertension NOS",1958,3,4.06838620689655,116
"4280 - CHF NOS",1958,3,5.3149074999999995,80
"41401 - Crnry athrscl natve vssl",1958,3,3.0553070422535207,71
"51881 - Acute respiratry failure",1958,4,9.552845454545455,22
"42731 - Atrial fibrillation",1958,4,7.667780952380953,21
"4019 - Hypertension NOS",1958,4,8.948366666666667,21
"4019 - Hypertension NOS",1958,5,1.4082333333333334,3
"2449 - Hypothyroidism NOS",1958,5,2.7205500000000002,2
"V4986 - Do not resusctate status",1958,5,1.78775,2
"V053 - Need prphyl vc vrl hepat",1959,1,0.4092705882352941,17
"V290 - NB obsrv suspct infect",1959,1,0.09418666666666667,15
"V3000 - Single lb in-hosp w/o cs",1959,1,0.31039999999999995,13
"4019 - Hypertension NOS",1959,2,1.9771681159420293,69
"42731 - Atrial fibrillation",1959,2,2.3604348837209304,43
"5849 - Acute kidney failure NOS",1959,2,3.0837371428571436,35
"4019 - Hypertension NOS",1959,3,3.0204020202020203,99
"42731 - Atrial fibrillation",1959,3,3.8801166666666678,72
"5849 - Acute kidney failure NOS",1959,3,3.8885877192982448,57
"51881 - Acute respiratry failure",1959,4,8.771265384615386,26
"4019 - Hypertension NOS",1959,4,4.926404,25
"4280 - CHF NOS",1959,4,9.795359090909091,22
"51881 - Acute respiratry failure",1959,5,3.2741,4
"40390 - Hy kid NOS w cr kid I-IV",1959,5,4.22945,2
"4280 - CHF NOS",1959,5,1.99735,2
"V053 - Need prphyl vc vrl hepat",1960,1,0.14917894736842108,19
"V290 - NB obsrv suspct infect",1960,1,0.15515,16
"V3000 - Single lb in-hosp w/o cs",1960,1,0.13342142857142858,14
"4019 - Hypertension NOS",1960,2,2.942494594594594,74
"V053 - Need prphyl vc vrl hepat",1960,2,7.8446700000000025,30
"4280 - CHF NOS",1960,2,3.1356933333333328,30
"4019 - Hypertension NOS",1960,3,3.988706140350875,114
"42731 - Atrial fibrillation",1960,3,5.763435999999998,100
"4280 - CHF NOS",1960,3,4.398808974358971,78
"4019 - Hypertension NOS",1960,4,5.584792,25
"51881 - Acute respiratry failure",1960,4,9.859757894736841,19
"42731 - Atrial fibrillation",1960,4,8.19889411764706,17
"99592 - Severe sepsis",1960,5,15.1859,2
"2875 - Thrombocytopenia NOS",1960,5,13.16185,2
"0389 - Septicemia NOS",1960,5,10.3296,2
"V053 - Need prphyl vc vrl hepat",1961,1,0.12390909090909091,11
"V3000 - Single lb in-hosp w/o cs",1961,1,0.09799000000000001,10
"V290 - NB obsrv suspct infect",1961,1,0.12736999999999998,10
"4019 - Hypertension NOS",1961,2,2.4874246575342474,73
"V053 - Need prphyl vc vrl hepat",1961,2,2.962821428571429,42
"V290 - NB obsrv suspct infect",1961,2,3.9087650000000003,40
"4019 - Hypertension NOS",1961,3,4.100557692307691,130
"41401 - Crnry athrscl natve vssl",1961,3,3.7067855421686757,83
"42731 - Atrial fibrillation",1961,3,4.8844475,80
"4019 - Hypertension NOS",1961,4,5.502938888888888,36
"51881 - Acute respiratry failure",1961,4,7.50143076923077,26
"4280 - CHF NOS",1961,4,8.668734615384615,26
"51881 - Acute respiratry failure",1961,5,7.299460000000001,5
"42731 - Atrial fibrillation",1961,5,5.70394,5
"78552 - Septic shock",1961,5,3.1712,4
"V053 - Need prphyl vc vrl hepat",1962,1,2.7946705882352934,17
"V290 - NB obsrv suspct infect",1962,1,3.3877916666666663,12
"V3000 - Single lb in-hosp w/o cs",1962,1,0.9606909090909089,11
"4019 - Hypertension NOS",1962,2,2.6852549999999997,80
"41401 - Crnry athrscl natve vssl",1962,2,2.531636111111111,36
"42731 - Atrial fibrillation",1962,2,4.561480555555555,36
"4019 - Hypertension NOS",1962,3,3.91389304347826,115
"4280 - CHF NOS",1962,3,4.519599999999998,61
"41401 - Crnry athrscl natve vssl",1962,3,3.2286366666666666,60
"4019 - Hypertension NOS",1962,4,6.642833333333333,33
"4280 - CHF NOS",1962,4,6.343575000000001,24
"51881 - Acute respiratry failure",1962,4,8.418,23
"2762 - Acidosis",1962,5,4.523149999999999,2
"51881 - Acute respiratry failure",1962,5,4.523149999999999,2
"4019 - Hypertension NOS",1962,5,10.245000000000001,2
"V053 - Need prphyl vc vrl hepat",1963,1,0.24774285714285713,15
"V3000 - Single lb in-hosp w/o cs",1963,1,0.2516153846153846,14
"V290 - NB obsrv suspct infect",1963,1,0.14887777777777778,10
"4019 - Hypertension NOS",1963,2,2.7573811594202904,69
"41401 - Crnry athrscl natve vssl",1963,2,2.7843320754716965,53
"4280 - CHF NOS",1963,2,2.797326470588235,34
"4019 - Hypertension NOS",1963,3,4.0054106870229,131
"42731 - Atrial fibrillation",1963,3,5.328935051546391,97
"4280 - CHF NOS",1963,3,5.77017701149425,87
"51881 - Acute respiratry failure",1963,4,10.304833333333335,30
"4019 - Hypertension NOS",1963,4,5.935099999999999,28
"42731 - Atrial fibrillation",1963,4,11.716865384615385,26
"42731 - Atrial fibrillation",1963,5,9.9,4
"V4986 - Do not resusctate status",1963,5,14.295066666666665,3
"51881 - Acute respiratry failure",1963,5,14.295066666666665,3
"V053 - Need prphyl vc vrl hepat",1964,1,0.5918178571428571,28
"V290 - NB obsrv suspct infect",1964,1,0.7117349999999999,20
"V3000 - Single lb in-hosp w/o cs",1964,1,0.8449,17
"4019 - Hypertension NOS",1964,2,2.291793103448275,87
"4280 - CHF NOS",1964,2,3.701223913043478,46
"2724 - Hyperlipidemia NEC/NOS",1964,2,2.216246511627907,43
"4019 - Hypertension NOS",1964,3,3.525036448598131,107
"41401 - Crnry athrscl natve vssl",1964,3,4.1524987951807235,83
"42731 - Atrial fibrillation",1964,3,4.881679518072288,83
"4019 - Hypertension NOS",1964,4,6.289457692307692,26
"42731 - Atrial fibrillation",1964,4,8.600863636363636,22
"4280 - CHF NOS",1964,4,5.889236363636365,22
"51881 - Acute respiratry failure",1964,5,6.904540000000002,5
"2859 - Anemia NOS",1964,5,6.2321333333333335,3
"0389 - Septicemia NOS",1964,5,4.6390666666666664,3
"V053 - Need prphyl vc vrl hepat",1965,1,0.2820578947368421,19
"V290 - NB obsrv suspct infect",1965,1,8.6499,19
"V3000 - Single lb in-hosp w/o cs",1965,1,0.20395000000000002,16
"4019 - Hypertension NOS",1965,2,2.290707575757575,66
"4280 - CHF NOS",1965,2,2.8963690476190473,42
"41401 - Crnry athrscl natve vssl",1965,2,2.1875365853658537,41
"4019 - Hypertension NOS",1965,3,3.1678285714285717,119
"41401 - Crnry athrscl natve vssl",1965,3,2.6345891891891884,74
"42731 - Atrial fibrillation",1965,3,4.391069863013699,73
"4019 - Hypertension NOS",1965,4,4.189292307692307,26
"42731 - Atrial fibrillation",1965,4,8.603524000000002,25
"51881 - Acute respiratry failure",1965,4,8.432152380952381,21
"51881 - Acute respiratry failure",1965,5,3.3974,5
"42731 - Atrial fibrillation",1965,5,3.2074249999999997,4
"5845 - Ac kidny fail, tubr necr",1965,5,5.656866666666667,3
"V053 - Need prphyl vc vrl hepat",1966,1,0.5809000000000001,16
"V3000 - Single lb in-hosp w/o cs",1966,1,0.6969666666666666,12
"V290 - NB obsrv suspct infect",1966,1,0.7642818181818182,11
"4019 - Hypertension NOS",1966,2,1.9316774647887325,71
"V053 - Need prphyl vc vrl hepat",1966,2,3.072174418604652,43
"4280 - CHF NOS",1966,2,4.257337209302324,43
"4019 - Hypertension NOS",1966,3,3.926728155339806,103
"4280 - CHF NOS",1966,3,3.947908974358975,78
"42731 - Atrial fibrillation",1966,3,3.5569773333333328,75
"42731 - Atrial fibrillation",1966,4,6.671447826086958,23
"4280 - CHF NOS",1966,4,6.82664,20
"4019 - Hypertension NOS",1966,4,9.889636842105263,19
"19889 - Secondary malig neo NEC",1966,5,2.7898,1
"1551 - Mal neo intrahepat ducts",1966,5,2.7898,1
"5780 - Hematemesis",1966,5,2.7898,1
"V053 - Need prphyl vc vrl hepat",1967,1,1.1069187500000002,16
"V290 - NB obsrv suspct infect",1967,1,1.383725,12
"V3000 - Single lb in-hosp w/o cs",1967,1,1.2921090909090909,11
"4019 - Hypertension NOS",1967,2,2.2844064102564086,78
"41401 - Crnry athrscl natve vssl",1967,2,3.14426,45
"25000 - DMII wo cmp nt st uncntr",1967,2,3.1724266666666665,45
"4019 - Hypertension NOS",1967,3,3.650844859813086,107
"4280 - CHF NOS",1967,3,3.5068168831168833,77
"42731 - Atrial fibrillation",1967,3,4.046958904109588,73
"42731 - Atrial fibrillation",1967,4,7.374381818181817,22
"51881 - Acute respiratry failure",1967,4,6.336923809523809,21
"4019 - Hypertension NOS",1967,4,3.8622263157894743,19
"51881 - Acute respiratry failure",1967,5,2.1207000000000003,2
"25000 - DMII wo cmp nt st uncntr",1967,5,2.1207000000000003,2
"2720 - Pure hypercholesterolem",1967,5,1.49545,2
"V290 - NB obsrv suspct infect",1968,1,0.39773571428571436,14
"V053 - Need prphyl vc vrl hepat",1968,1,0.23045384615384615,13
"V3000 - Single lb in-hosp w/o cs",1968,1,0.14110000000000003,13
"4019 - Hypertension NOS",1968,2,1.8279000000000005,87
"41401 - Crnry athrscl natve vssl",1968,2,2.265036,50
"4280 - CHF NOS",1968,2,2.7411319148936166,47
"4019 - Hypertension NOS",1968,3,3.566294117647059,102
"4280 - CHF NOS",1968,3,5.130249999999998,88
"42731 - Atrial fibrillation",1968,3,5.284560493827158,81
"42731 - Atrial fibrillation",1968,4,9.369775,24
"51881 - Acute respiratry failure",1968,4,9.714065217391305,23
"4019 - Hypertension NOS",1968,4,5.699781818181819,22
"42731 - Atrial fibrillation",1968,5,6.039149999999999,2
"5761 - Cholangitis",1968,5,10.6885,1
"5750 - Acute cholecystitis",1968,5,1.3898,1
"V053 - Need prphyl vc vrl hepat",1969,1,0.1726631578947368,19
"V290 - NB obsrv suspct infect",1969,1,0.6415470588235294,17
"V3000 - Single lb in-hosp w/o cs",1969,1,0.626725,16
"4019 - Hypertension NOS",1969,2,2.291602666666668,75
"41401 - Crnry athrscl natve vssl",1969,2,1.9057916666666666,36
"4280 - CHF NOS",1969,2,3.9902235294117645,34
"4019 - Hypertension NOS",1969,3,3.8239111111111117,108
"4280 - CHF NOS",1969,3,4.800447560975608,82
"41401 - Crnry athrscl natve vssl",1969,3,3.8187226666666683,75
"4280 - CHF NOS",1969,4,9.135907894736842,38
"51881 - Acute respiratry failure",1969,4,9.38049375,32
"42731 - Atrial fibrillation",1969,4,8.458633333333333,24
"4280 - CHF NOS",1969,5,4.206466666666667,3
"51881 - Acute respiratry failure",1969,5,7.290233333333333,3
"5845 - Ac kidny fail, tubr necr",1969,5,6.4552,2
"V053 - Need prphyl vc vrl hepat",1970,1,0.5289333333333334,12
"V3000 - Single lb in-hosp w/o cs",1970,1,0.5589363636363637,11
"V290 - NB obsrv suspct infect",1970,1,0.5572909090909092,11
"4019 - Hypertension NOS",1970,2,2.1887488095238097,84
"41401 - Crnry athrscl natve vssl",1970,2,2.3155119047619053,42
"4280 - CHF NOS",1970,2,2.589817948717949,39
"4019 - Hypertension NOS",1970,3,4.318993129770995,131
"42731 - Atrial fibrillation",1970,3,5.611060227272727,88
"4280 - CHF NOS",1970,3,5.665419999999999,85
"51881 - Acute respiratry failure",1970,4,6.703026923076923,26
"4019 - Hypertension NOS",1970,4,5.030490909090909,22
"42731 - Atrial fibrillation",1970,4,8.72522857142857,21
"5990 - Urin tract infection NOS",1970,5,9.92155,2
"4280 - CHF NOS",1970,5,4.66845,2
"42731 - Atrial fibrillation",1970,5,4.66845,2
"V053 - Need prphyl vc vrl hepat",1971,1,1.3574000000000002,12
"V3000 - Single lb in-hosp w/o cs",1971,1,1.345822222222222,9
"V290 - NB obsrv suspct infect",1971,1,0.5911666666666666,9
"4019 - Hypertension NOS",1971,2,2.2371000000000003,70
"41401 - Crnry athrscl natve vssl",1971,2,2.6691355555555556,45
"4280 - CHF NOS",1971,2,2.7285093023255813,43
"4019 - Hypertension NOS",1971,3,4.110189915966388,119
"4280 - CHF NOS",1971,3,4.4492487500000015,80
"42731 - Atrial fibrillation",1971,3,4.436887012987015,77
"51881 - Acute respiratry failure",1971,4,6.007383333333334,30
"42731 - Atrial fibrillation",1971,4,7.40363793103448,29
"4280 - CHF NOS",1971,4,7.864546428571428,28
"51881 - Acute respiratry failure",1971,5,1.0462,2
"2762 - Acidosis",1971,5,1.0462,2
"99592 - Severe sepsis",1971,5,1.0462,2
"V053 - Need prphyl vc vrl hepat",1972,1,0.8484142857142858,14
"V3000 - Single lb in-hosp w/o cs",1972,1,0.9295454545454546,11
"4019 - Hypertension NOS",1972,1,1.1841,11
"4019 - Hypertension NOS",1972,2,3.1161507936507933,63
"42731 - Atrial fibrillation",1972,2,4.224941463414633,41
"41401 - Crnry athrscl natve vssl",1972,2,4.385653846153846,39
"4019 - Hypertension NOS",1972,3,4.185263106796113,103
"42731 - Atrial fibrillation",1972,3,3.908187671232877,73
"41401 - Crnry athrscl natve vssl",1972,3,4.161483333333331,66
"4019 - Hypertension NOS",1972,4,5.80607777777778,27
"4280 - CHF NOS",1972,4,8.608557692307691,26
"42731 - Atrial fibrillation",1972,4,8.75273043478261,23
"25000 - DMII wo cmp nt st uncntr",1972,5,0.5111,1
"515 - Postinflam pulm fibrosis",1972,5,0.5111,1
"4019 - Hypertension NOS",1972,5,0.5111,1
"V053 - Need prphyl vc vrl hepat",1973,1,0.19002000000000002,20
"V3000 - Single lb in-hosp w/o cs",1973,1,0.19664615384615386,13
"V290 - NB obsrv suspct infect",1973,1,0.7045916666666665,12
"4019 - Hypertension NOS",1973,2,3.067204285714286,70
"41401 - Crnry athrscl natve vssl",1973,2,2.6415023255813948,43
"V053 - Need prphyl vc vrl hepat",1973,2,3.871296969696969,33
"4019 - Hypertension NOS",1973,3,3.359127118644067,118
"41401 - Crnry athrscl natve vssl",1973,3,2.9432298850574705,87
"4280 - CHF NOS",1973,3,4.530284415584414,77
"4280 - CHF NOS",1973,4,9.81740277777778,36
"42731 - Atrial fibrillation",1973,4,7.51251111111111,36
"51881 - Acute respiratry failure",1973,4,8.963606249999998,32
"51881 - Acute respiratry failure",1973,5,4.355033333333334,3
"4019 - Hypertension NOS",1973,5,4.355033333333334,3
"99592 - Severe sepsis",1973,5,4.14515,2
"V053 - Need prphyl vc vrl hepat",1974,1,0.18380000000000005,15
"V290 - NB obsrv suspct infect",1974,1,0.19848333333333334,12
"V3001 - Single lb in-hosp w cs",1974,1,0.17819000000000002,10
"4019 - Hypertension NOS",1974,2,2.5916780821917813,73
"41401 - Crnry athrscl natve vssl",1974,2,3.591798039215687,51
"4280 - CHF NOS",1974,2,6.030581578947367,38
"4019 - Hypertension NOS",1974,3,4.734847872340427,94
"42731 - Atrial fibrillation",1974,3,4.2494805555555555,72
"4280 - CHF NOS",1974,3,5.337430000000001,70
"42731 - Atrial fibrillation",1974,4,6.3729821428571425,28
"4280 - CHF NOS",1974,4,7.067949999999999,22
"51881 - Acute respiratry failure",1974,4,10.100019047619046,21
"2762 - Acidosis",1974,5,2.6826666666666665,3
"4280 - CHF NOS",1974,5,2.996233333333333,3
"4019 - Hypertension NOS",1974,5,1.7622333333333333,3
"V053 - Need prphyl vc vrl hepat",1975,1,1.62697,10
"V3000 - Single lb in-hosp w/o cs",1975,1,0.76332,10
"V290 - NB obsrv suspct infect",1975,1,0.1700222222222222,9
"4019 - Hypertension NOS",1975,2,2.3854573333333327,75
"41401 - Crnry athrscl natve vssl",1975,2,2.0623282608695654,46
"V290 - NB obsrv suspct infect",1975,2,4.382097560975611,41
"4019 - Hypertension NOS",1975,3,4.104463716814159,113
"42731 - Atrial fibrillation",1975,3,4.013715116279069,86
"4280 - CHF NOS",1975,3,4.778854999999999,80
"51881 - Acute respiratry failure",1975,4,12.482041666666667,24
"42731 - Atrial fibrillation",1975,4,9.578608333333333,24
"4019 - Hypertension NOS",1975,4,8.154847826086955,23
"51881 - Acute respiratry failure",1975,5,9.53205,2
"25000 - DMII wo cmp nt st uncntr",1975,5,0.85275,2
"78552 - Septic shock",1975,5,9.53205,2
"V053 - Need prphyl vc vrl hepat",1976,1,0.18815,14
"V290 - NB obsrv suspct infect",1976,1,0.4088363636363636,11
"V3000 - Single lb in-hosp w/o cs",1976,1,0.44699999999999995,10
"4019 - Hypertension NOS",1976,2,2.63292,65
"41401 - Crnry athrscl natve vssl",1976,2,3.725109803921568,51
"V053 - Need prphyl vc vrl hepat",1976,2,3.853235714285714,42
"4019 - Hypertension NOS",1976,3,3.89283908045977,87
"41401 - Crnry athrscl natve vssl",1976,3,3.3238073170731703,82
"42731 - Atrial fibrillation",1976,3,4.332562337662339,77
"51881 - Acute respiratry failure",1976,4,5.816291176470588,34
"42731 - Atrial fibrillation",1976,4,7.9104600000000005,30
"4019 - Hypertension NOS",1976,4,6.623627586206897,29
"496 - Chr airway obstruct NEC",1976,5,10.4823,2
"51881 - Acute respiratry failure",1976,5,10.4823,2
"2724 - Hyperlipidemia NEC/NOS",1976,5,10.4823,2
"V053 - Need prphyl vc vrl hepat",1977,1,1.8738818181818182,11
"V290 - NB obsrv suspct infect",1977,1,2.2283333333333335,9
"V3000 - Single lb in-hosp w/o cs",1977,1,1.7183857142857144,7
"4019 - Hypertension NOS",1977,2,2.5393118644067796,59
"V053 - Need prphyl vc vrl hepat",1977,2,3.91891052631579,38
"5849 - Acute kidney failure NOS",1977,2,3.5671131578947373,38
"4019 - Hypertension NOS",1977,3,4.751987155963303,109
"4280 - CHF NOS",1977,3,5.657498876404494,89
"41401 - Crnry athrscl natve vssl",1977,3,4.112767045454545,88
"4019 - Hypertension NOS",1977,4,8.433499999999999,31
"5849 - Acute kidney failure NOS",1977,4,10.684661538461537,26
"4280 - CHF NOS",1977,4,12.929892,25
"51881 - Acute respiratry failure",1977,5,4.439233333333333,3
"4019 - Hypertension NOS",1977,5,4.519066666666667,3
"49121 - Obs chr bronc w(ac) exac",1977,5,1.04245,2
"V053 - Need prphyl vc vrl hepat",1978,1,1.3202363636363639,22
"V290 - NB obsrv suspct infect",1978,1,1.6327857142857145,15
"V3001 - Single lb in-hosp w cs",1978,1,2.376527272727273,11
"4019 - Hypertension NOS",1978,2,2.501091011235954,89
"41401 - Crnry athrscl natve vssl",1978,2,2.523761999999999,50
"4280 - CHF NOS",1978,2,3.241165853658536,41
"4019 - Hypertension NOS",1978,3,3.9975237704918025,122
"42731 - Atrial fibrillation",1978,3,5.05290128205128,78
"4280 - CHF NOS",1978,3,5.412568831168829,77
"42731 - Atrial fibrillation",1978,4,11.022906666666668,30
"4280 - CHF NOS",1978,4,8.934671428571427,28
"4019 - Hypertension NOS",1978,4,7.342928571428572,28
"99592 - Severe sepsis",1978,5,3.2027,2
"2762 - Acidosis",1978,5,3.2027,2
"51881 - Acute respiratry failure",1978,5,3.2027,2
"V290 - NB obsrv suspct infect",1979,1,2.3366833333333323,18
"V053 - Need prphyl vc vrl hepat",1979,1,2.4246764705882344,17
"V3000 - Single lb in-hosp w/o cs",1979,1,0.21337142857142855,14
"4019 - Hypertension NOS",1979,2,3.008407894736841,76
"41401 - Crnry athrscl natve vssl",1979,2,2.5282928571428562,42
"4280 - CHF NOS",1979,2,3.625392307692308,39
"4019 - Hypertension NOS",1979,3,3.160281443298968,97
"42731 - Atrial fibrillation",1979,3,5.51366142857143,70
"4280 - CHF NOS",1979,3,3.9741942028985506,69
"42731 - Atrial fibrillation",1979,4,7.5084357142857145,28
"4280 - CHF NOS",1979,4,6.731543478260869,23
"51881 - Acute respiratry failure",1979,4,9.852839999999999,20
"5570 - Ac vasc insuff intestine",1979,5,2.2611,2
"570 - Acute necrosis of liver",1979,5,2.3201,1
"311 - Depressive disorder NEC",1979,5,3.4122,1
"V3000 - Single lb in-hosp w/o cs",1980,1,5.099764705882352,17
"V053 - Need prphyl vc vrl hepat",1980,1,2.31298125,16
"V290 - NB obsrv suspct infect",1980,1,7.57598125,16
"4019 - Hypertension NOS",1980,2,2.484940350877194,57
"41401 - Crnry athrscl natve vssl",1980,2,3.9088256410256417,39
"42731 - Atrial fibrillation",1980,2,6.026817647058825,34
"4019 - Hypertension NOS",1980,3,3.944575757575759,99
"42731 - Atrial fibrillation",1980,3,4.9522576923076915,78
"4280 - CHF NOS",1980,3,5.168037837837839,74
"4019 - Hypertension NOS",1980,4,5.094263636363636,33
"4280 - CHF NOS",1980,4,7.481299999999999,28
"42731 - Atrial fibrillation",1980,4,6.193129166666668,24
"25000 - DMII wo cmp nt st uncntr",1980,5,2.9187,3
"4280 - CHF NOS",1980,5,2.9187,3
"51881 - Acute respiratry failure",1980,5,3.3651666666666666,3
"V053 - Need prphyl vc vrl hepat",1981,1,0.553435,20
"V290 - NB obsrv suspct infect",1981,1,0.6689200000000001,15
"V3000 - Single lb in-hosp w/o cs",1981,1,0.11538000000000001,15
"4019 - Hypertension NOS",1981,2,2.2034884615384622,78
"41401 - Crnry athrscl natve vssl",1981,2,2.133,53
"4280 - CHF NOS",1981,2,3.851185365853659,41
"4019 - Hypertension NOS",1981,3,3.6335844036697247,109
"42731 - Atrial fibrillation",1981,3,6.756297402597402,77
"4280 - CHF NOS",1981,3,5.212810294117648,68
"42731 - Atrial fibrillation",1981,4,8.415218518518518,27
"4019 - Hypertension NOS",1981,4,4.523066666666667,21
"51881 - Acute respiratry failure",1981,4,7.734005000000001,20
"430 - Subarachnoid hemorrhage",1981,5,1.271,1
"486 - Pneumonia, organism NOS",1981,5,2.1246,1
"5845 - Ac kidny fail, tubr necr",1981,5,2.1246,1
"V053 - Need prphyl vc vrl hepat",1982,1,0.3508555555555555,18
"V290 - NB obsrv suspct infect",1982,1,0.42,14
"V3000 - Single lb in-hosp w/o cs",1982,1,0.3307142857142856,14
"4019 - Hypertension NOS",1982,2,2.3533533333333327,60
"41401 - Crnry athrscl natve vssl",1982,2,1.8884819999999995,50
"42731 - Atrial fibrillation",1982,2,3.029431111111111,45
"4019 - Hypertension NOS",1982,3,4.471292307692309,104
"4280 - CHF NOS",1982,3,5.2834657142857155,70
"41401 - Crnry athrscl natve vssl",1982,3,4.216689552238806,67
"4019 - Hypertension NOS",1982,4,6.750515151515151,33
"51881 - Acute respiratry failure",1982,4,7.52364,30
"42731 - Atrial fibrillation",1982,4,6.9423933333333325,30
"42731 - Atrial fibrillation",1982,5,7.5709,5
"25000 - DMII wo cmp nt st uncntr",1982,5,6.672425,4
"431 - Intracerebral hemorrhage",1982,5,4.6888000000000005,3
"V053 - Need prphyl vc vrl hepat",1983,1,0.32019230769230766,13
"V290 - NB obsrv suspct infect",1983,1,7.410033333333335,12
"V3000 - Single lb in-hosp w/o cs",1983,1,0.14099999999999996,10
"4019 - Hypertension NOS",1983,2,2.3355971014492756,69
"41401 - Crnry athrscl natve vssl",1983,2,2.6123274999999997,40
"2724 - Hyperlipidemia NEC/NOS",1983,2,1.6878499999999996,34
"4019 - Hypertension NOS",1983,3,3.770286400000002,125
"4280 - CHF NOS",1983,3,4.242503896103898,77
"42731 - Atrial fibrillation",1983,3,3.6848071428571414,70
"4019 - Hypertension NOS",1983,4,7.692845161290323,31
"51881 - Acute respiratry failure",1983,4,8.96135769230769,26
"4280 - CHF NOS",1983,4,6.2150307692307685,26
"99592 - Severe sepsis",1983,5,0.5444,2
"0389 - Septicemia NOS",1983,5,0.5444,2
"5849 - Acute kidney failure NOS",1983,5,0.5536,1
"V290 - NB obsrv suspct infect",1984,1,1.86444375,16
"V053 - Need prphyl vc vrl hepat",1984,1,1.3490399999999998,15
"V3000 - Single lb in-hosp w/o cs",1984,1,0.883425,12
"4019 - Hypertension NOS",1984,2,2.4079706896551736,58
"4280 - CHF NOS",1984,2,3.1122863636363642,44
"41401 - Crnry athrscl natve vssl",1984,2,2.2454972222222227,36
"4019 - Hypertension NOS",1984,3,3.9480520000000006,100
"41401 - Crnry athrscl natve vssl",1984,3,5.133785185185183,81
"42731 - Atrial fibrillation",1984,3,5.856845205479453,73
"51881 - Acute respiratry failure",1984,4,7.640685714285716,28
"42731 - Atrial fibrillation",1984,4,5.060003846153846,26
"4019 - Hypertension NOS",1984,4,4.320595652173914,23
"5849 - Acute kidney failure NOS",1984,5,16.874640000000003,5
"99592 - Severe sepsis",1984,5,16.874640000000003,5
"4019 - Hypertension NOS",1984,5,24.55346666666667,3
"V053 - Need prphyl vc vrl hepat",1985,1,2.2549210526315795,19
"V290 - NB obsrv suspct infect",1985,1,2.1784894736842113,19
"V3000 - Single lb in-hosp w/o cs",1985,1,0.7302333333333333,15
"4019 - Hypertension NOS",1985,2,2.571375,64
"41401 - Crnry athrscl natve vssl",1985,2,3.249981250000001,32
"2724 - Hyperlipidemia NEC/NOS",1985,2,2.5842468750000003,32
"4019 - Hypertension NOS",1985,3,3.6195451923076942,104
"42731 - Atrial fibrillation",1985,3,4.58423164556962,79
"41401 - Crnry athrscl natve vssl",1985,3,3.3400350649350656,77
"4280 - CHF NOS",1985,4,12.751887999999997,25
"51881 - Acute respiratry failure",1985,4,8.305137499999999,24
"4019 - Hypertension NOS",1985,4,4.838499999999999,24
"51881 - Acute respiratry failure",1985,5,3.3798,2
"3485 - Cerebral edema",1985,5,1.8983999999999999,2
"99592 - Severe sepsis",1985,5,2.3822,2
"V053 - Need prphyl vc vrl hepat",1986,1,0.5888625,8
"V3001 - Single lb in-hosp w cs",1986,1,0.6939714285714286,7
"V290 - NB obsrv suspct infect",1986,1,0.4017833333333334,6
"4019 - Hypertension NOS",1986,2,2.552552054794521,73
"41401 - Crnry athrscl natve vssl",1986,2,2.576428888888889,45
"42731 - Atrial fibrillation",1986,2,2.8965488372093025,43
"4019 - Hypertension NOS",1986,3,3.9306495575221225,113
"4280 - CHF NOS",1986,3,4.640926086956522,69
"42731 - Atrial fibrillation",1986,3,4.68076567164179,67
"4019 - Hypertension NOS",1986,4,8.35375909090909,22
"51881 - Acute respiratry failure",1986,4,8.534615789473685,19
"4280 - CHF NOS",1986,4,7.632305263157893,19
"4373 - Nonrupt cerebral aneurym",1986,5,0.7825,1
"V667 - Encountr palliative care",1986,5,0.7825,1
"4019 - Hypertension NOS",1986,5,0.7825,1
"V053 - Need prphyl vc vrl hepat",1987,1,0.2277466666666666,15
"V502 - Routine circumcision",1987,1,0.16901818181818182,11
"V3000 - Single lb in-hosp w/o cs",1987,1,0.23280909090909088,11
"4019 - Hypertension NOS",1987,2,2.9944203125000004,64
"41401 - Crnry athrscl natve vssl",1987,2,3.431653191489361,47
"4280 - CHF NOS",1987,2,3.5597243902439017,41
"4019 - Hypertension NOS",1987,3,4.839395689655172,116
"42731 - Atrial fibrillation",1987,3,4.774847435897436,78
"4280 - CHF NOS",1987,3,4.941667605633803,71
"51881 - Acute respiratry failure",1987,4,7.76710857142857,35
"4280 - CHF NOS",1987,4,8.231287096774192,31
"42731 - Atrial fibrillation",1987,4,7.057333333333333,30
"51881 - Acute respiratry failure",1987,5,4.834233333333334,3
"99592 - Severe sepsis",1987,5,5.87945,2
"4280 - CHF NOS",1987,5,3.2032999999999996,2
"V053 - Need prphyl vc vrl hepat",1988,1,1.24434,20
"V290 - NB obsrv suspct infect",1988,1,1.6363200000000002,15
"V3000 - Single lb in-hosp w/o cs",1988,1,0.8816666666666669,15
"4019 - Hypertension NOS",1988,2,2.3421682352941167,85
"41401 - Crnry athrscl natve vssl",1988,2,2.811884615384616,39
"4280 - CHF NOS",1988,2,2.958055555555555,36
"4019 - Hypertension NOS",1988,3,4.140786915887853,107
"42731 - Atrial fibrillation",1988,3,5.988062500000002,80
"4280 - CHF NOS",1988,3,5.6816492307692315,65
"4019 - Hypertension NOS",1988,4,8.184528205128206,39
"42731 - Atrial fibrillation",1988,4,9.189084210526314,38
"51881 - Acute respiratry failure",1988,4,12.715832258064516,31
"42731 - Atrial fibrillation",1988,5,2.76124,5
"51881 - Acute respiratry failure",1988,5,2.76124,5
"2762 - Acidosis",1988,5,2.9406999999999996,3
"V053 - Need prphyl vc vrl hepat",1989,1,0.5228142857142858,14
"V502 - Routine circumcision",1989,1,0.7848,8
"V3000 - Single lb in-hosp w/o cs",1989,1,0.173375,8
"4019 - Hypertension NOS",1989,2,2.4082280000000007,75
"4280 - CHF NOS",1989,2,4.258700000000001,43
"41401 - Crnry athrscl natve vssl",1989,2,3.3347952380952384,42
"4019 - Hypertension NOS",1989,3,3.4368406504065026,123
"42731 - Atrial fibrillation",1989,3,4.8485296296296285,108
"4280 - CHF NOS",1989,3,5.404501,100
"42731 - Atrial fibrillation",1989,4,5.760062499999999,32
"4019 - Hypertension NOS",1989,4,6.682506666666667,30
"4280 - CHF NOS",1989,4,4.751882758620689,29
"4019 - Hypertension NOS",1989,5,7.267033333333333,3
"51881 - Acute respiratry failure",1989,5,9.20065,2
"4280 - CHF NOS",1989,5,5.149150000000001,2
"V053 - Need prphyl vc vrl hepat",1990,1,0.11216428571428572,14
"V3000 - Single lb in-hosp w/o cs",1990,1,0.12354545454545457,11
"V290 - NB obsrv suspct infect",1990,1,0.13274444444444444,9
"4019 - Hypertension NOS",1990,2,2.6379459459459453,74
"41401 - Crnry athrscl natve vssl",1990,2,2.678932608695652,46
"4280 - CHF NOS",1990,2,4.876406666666666,45
"4019 - Hypertension NOS",1990,3,5.272965891472866,129
"42731 - Atrial fibrillation",1990,3,5.516524444444444,90
"4280 - CHF NOS",1990,3,4.570839240506329,79
"4019 - Hypertension NOS",1990,4,4.026651612903226,31
"51881 - Acute respiratry failure",1990,4,8.12294,25
"5849 - Acute kidney failure NOS",1990,4,6.542209523809523,21
"51881 - Acute respiratry failure",1990,5,6.118366666666667,3
"42731 - Atrial fibrillation",1990,5,5.941966666666667,3
"25000 - DMII wo cmp nt st uncntr",1990,5,7.95565,2
"V053 - Need prphyl vc vrl hepat",1991,1,4.747840909090909,22
"V290 - NB obsrv suspct infect",1991,1,6.0234875,16
"V3000 - Single lb in-hosp w/o cs",1991,1,0.8388583333333332,12
"4019 - Hypertension NOS",1991,2,2.5096136363636345,66
"41401 - Crnry athrscl natve vssl",1991,2,2.138613888888889,36
"2724 - Hyperlipidemia NEC/NOS",1991,2,2.1093333333333333,33
"4019 - Hypertension NOS",1991,3,4.5893102040816345,98
"4280 - CHF NOS",1991,3,6.313917647058823,85
"42731 - Atrial fibrillation",1991,3,6.245748148148149,81
"51881 - Acute respiratry failure",1991,4,6.551541379310344,29
"4019 - Hypertension NOS",1991,4,4.317548148148148,27
"5849 - Acute kidney failure NOS",1991,4,4.649728571428571,21
"5849 - Acute kidney failure NOS",1991,5,5.5779,3
"42731 - Atrial fibrillation",1991,5,5.836833333333334,3
"4019 - Hypertension NOS",1991,5,5.4574,3
"V053 - Need prphyl vc vrl hepat",1992,1,1.057776470588235,17
"V290 - NB obsrv suspct infect",1992,1,1.6458642857142853,14
"V3000 - Single lb in-hosp w/o cs",1992,1,1.02965,10
"4019 - Hypertension NOS",1992,2,2.461990666666667,75
"41401 - Crnry athrscl natve vssl",1992,2,2.6191435483870977,62
"42731 - Atrial fibrillation",1992,2,3.8876299999999993,50
"4019 - Hypertension NOS",1992,3,4.671550450450448,111
"41401 - Crnry athrscl natve vssl",1992,3,4.031431249999999,80
"42731 - Atrial fibrillation",1992,3,7.875402631578949,76
"4019 - Hypertension NOS",1992,4,5.435371428571428,21
"51881 - Acute respiratry failure",1992,4,7.747355000000001,20
"42731 - Atrial fibrillation",1992,4,6.248570588235295,17
"25000 - DMII wo cmp nt st uncntr",1992,5,3.068633333333333,3
"42731 - Atrial fibrillation",1992,5,4.1928,2
"4019 - Hypertension NOS",1992,5,0.5816,2
"V3000 - Single lb in-hosp w/o cs",1993,1,0.25694,10
"V053 - Need prphyl vc vrl hepat",1993,1,0.61804,10
"V290 - NB obsrv suspct infect",1993,1,0.10381666666666667,6
"4019 - Hypertension NOS",1993,2,2.341823287671233,73
"41401 - Crnry athrscl natve vssl",1993,2,2.6073600000000003,55
"5849 - Acute kidney failure NOS",1993,2,2.876036363636363,44
"4019 - Hypertension NOS",1993,3,4.907808490566038,106
"42731 - Atrial fibrillation",1993,3,5.106035616438356,73
"4280 - CHF NOS",1993,3,5.347684507042252,71
"51881 - Acute respiratry failure",1993,4,11.715879999999997,30
"42731 - Atrial fibrillation",1993,4,9.331217241379312,29
"4019 - Hypertension NOS",1993,4,6.029684000000002,25
"4019 - Hypertension NOS",1993,5,1.4960499999999999,4
"2724 - Hyperlipidemia NEC/NOS",1993,5,1.4695333333333334,3
"25000 - DMII wo cmp nt st uncntr",1993,5,1.2549333333333335,3
"V053 - Need prphyl vc vrl hepat",1994,1,7.328646666666668,15
"V3001 - Single lb in-hosp w cs",1994,1,0.8319199999999999,10
"V290 - NB obsrv suspct infect",1994,1,14.57357142857143,7
"4019 - Hypertension NOS",1994,2,2.764422619047619,84
"42731 - Atrial fibrillation",1994,2,4.364547619047619,42
"41401 - Crnry athrscl natve vssl",1994,2,3.162368292682927,41
"4019 - Hypertension NOS",1994,3,3.8658208333333324,96
"41401 - Crnry athrscl natve vssl",1994,3,3.903977333333333,75
"42731 - Atrial fibrillation",1994,3,5.139252702702702,74
"4019 - Hypertension NOS",1994,4,4.168073076923077,26
"51881 - Acute respiratry failure",1994,4,7.378031818181819,22
"5849 - Acute kidney failure NOS",1994,4,6.706984999999999,20
"5849 - Acute kidney failure NOS",1994,5,16.75365,2
"4019 - Hypertension NOS",1994,5,16.75365,2
"99592 - Severe sepsis",1994,5,17.0814,1
"V053 - Need prphyl vc vrl hepat",1995,1,0.20315624999999998,16
"V290 - NB obsrv suspct infect",1995,1,0.1996642857142857,14
"V3000 - Single lb in-hosp w/o cs",1995,1,0.16675,10
"4019 - Hypertension NOS",1995,2,2.6625666666666667,78
"41401 - Crnry athrscl natve vssl",1995,2,2.371345714285715,35
"4280 - CHF NOS",1995,2,3.956688571428571,35
"4019 - Hypertension NOS",1995,3,4.265737931034483,116
"42731 - Atrial fibrillation",1995,3,5.038233333333332,81
"41401 - Crnry athrscl natve vssl",1995,3,4.03641,80
"4280 - CHF NOS",1995,4,5.248751612903226,31
"51881 - Acute respiratry failure",1995,4,9.109103846153847,26
"42731 - Atrial fibrillation",1995,4,4.747068,25
"42731 - Atrial fibrillation",1995,5,16.714766666666666,3
"78552 - Septic shock",1995,5,22.47145,2
"5715 - Cirrhosis of liver NOS",1995,5,2.2616500000000004,2
"V053 - Need prphyl vc vrl hepat",1996,1,0.9473157894736841,19
"V290 - NB obsrv suspct infect",1996,1,1.3065416666666665,12
"V3000 - Single lb in-hosp w/o cs",1996,1,0.832475,12
"4019 - Hypertension NOS",1996,2,2.451982608695652,69
"41401 - Crnry athrscl natve vssl",1996,2,2.560813953488372,43
"42731 - Atrial fibrillation",1996,2,2.537620689655172,29
"4019 - Hypertension NOS",1996,3,3.542983146067417,89
"42731 - Atrial fibrillation",1996,3,5.954469696969697,66
"4280 - CHF NOS",1996,3,4.9399428571428565,63
"4019 - Hypertension NOS",1996,4,3.9497761904761894,21
"42731 - Atrial fibrillation",1996,4,7.362555,20
"4280 - CHF NOS",1996,4,6.0434368421052636,19
"V053 - Need prphyl vc vrl hepat",1997,1,0.8341230769230769,13
"V502 - Routine circumcision",1997,1,0.17128749999999998,8
"V290 - NB obsrv suspct infect",1997,1,0.3160833333333333,6
"4019 - Hypertension NOS",1997,2,1.9916606060606061,66
"4280 - CHF NOS",1997,2,2.9033446808510646,47
"41401 - Crnry athrscl natve vssl",1997,2,3.589402222222223,45
"4019 - Hypertension NOS",1997,3,4.519040707964601,113
"42731 - Atrial fibrillation",1997,3,4.707082716049383,81
"41401 - Crnry athrscl natve vssl",1997,3,4.10650135135135,74
"51881 - Acute respiratry failure",1997,4,10.84879333333333,30
"4019 - Hypertension NOS",1997,4,7.190082758620689,29
"42731 - Atrial fibrillation",1997,4,7.115051724137932,29
"51881 - Acute respiratry failure",1997,5,1.6997666666666664,3
"42731 - Atrial fibrillation",1997,5,1.95235,2
"41401 - Crnry athrscl natve vssl",1997,5,4.69675,2
"V053 - Need prphyl vc vrl hepat",1998,1,0.6200058823529411,17
"V290 - NB obsrv suspct infect",1998,1,0.23017272727272725,11
"V3000 - Single lb in-hosp w/o cs",1998,1,0.32267999999999997,10
"4019 - Hypertension NOS",1998,2,2.796960344827586,58
"V053 - Need prphyl vc vrl hepat",1998,2,4.079566666666666,39
"4280 - CHF NOS",1998,2,5.281446153846155,39
"4019 - Hypertension NOS",1998,3,3.372475,128
"4280 - CHF NOS",1998,3,5.371514736842105,95
"42731 - Atrial fibrillation",1998,3,3.7912369565217414,92
"4280 - CHF NOS",1998,4,6.468149999999999,28
"51881 - Acute respiratry failure",1998,4,9.253919230769231,26
"42731 - Atrial fibrillation",1998,4,8.322154166666666,24
"51881 - Acute respiratry failure",1998,5,8.672433333333332,3
"78552 - Septic shock",1998,5,11.7038,2
"5849 - Acute kidney failure NOS",1998,5,1.44765,2
"V053 - Need prphyl vc vrl hepat",1999,1,0.13552999999999998,10
"V3001 - Single lb in-hosp w cs",1999,1,10.344016666666667,6
"V502 - Routine circumcision",1999,1,0.15411999999999998,5
"4019 - Hypertension NOS",1999,2,1.8594075,80
"41401 - Crnry athrscl natve vssl",1999,2,2.10134090909091,44
"4280 - CHF NOS",1999,2,2.6857375000000006,40
"4019 - Hypertension NOS",1999,3,3.3754431372549023,102
"42731 - Atrial fibrillation",1999,3,4.909683561643833,73
"4280 - CHF NOS",1999,3,4.86171857142857,70
"42731 - Atrial fibrillation",1999,4,9.112034782608694,23
"4019 - Hypertension NOS",1999,4,5.210233333333333,21
"51881 - Acute respiratry failure",1999,4,7.46823157894737,19
"42732 - Atrial flutter",1999,5,10.1025,1
"V1582 - History of tobacco use",1999,5,10.1025,1
"E8497 - Accid in resident instit",1999,5,10.1025,1
"V053 - Need prphyl vc vrl hepat",2000,1,1.622209090909091,11
"V290 - NB obsrv suspct infect",2000,1,11.501844444444444,10
"V3000 - Single lb in-hosp w/o cs",2000,1,0.7836124999999999,9
"4019 - Hypertension NOS",2000,2,2.471482191780822,73
"41401 - Crnry athrscl natve vssl",2000,2,1.8868292682926826,41
"V053 - Need prphyl vc vrl hepat",2000,2,2.128705714285714,35
"4019 - Hypertension NOS",2000,3,4.054678761061948,113
"42731 - Atrial fibrillation",2000,3,5.183534939759037,83
"41401 - Crnry athrscl natve vssl",2000,3,4.03169166666667,72
"4019 - Hypertension NOS",2000,4,6.685825714285714,35
"4280 - CHF NOS",2000,4,5.983469696969697,33
"51881 - Acute respiratry failure",2000,4,7.497532000000001,25
"51881 - Acute respiratry failure",2000,5,1.2184,2
"5990 - Urin tract infection NOS",2000,5,1.2861,1
"2720 - Pure hypercholesterolem",2000,5,1.1507,1
"V053 - Need prphyl vc vrl hepat",2001,1,2.704673333333333,15
"V290 - NB obsrv suspct infect",2001,1,2.978107692307692,13
"V3000 - Single lb in-hosp w/o cs",2001,1,0.8175500000000001,10
"4019 - Hypertension NOS",2001,2,2.130310344827586,58
"41401 - Crnry athrscl natve vssl",2001,2,2.15422,35
"V053 - Need prphyl vc vrl hepat",2001,2,5.237620689655171,29
"4019 - Hypertension NOS",2001,3,3.719715789473684,95
"4280 - CHF NOS",2001,3,5.562785135135134,74
"42731 - Atrial fibrillation",2001,3,4.845727536231885,69
"4019 - Hypertension NOS",2001,4,6.538303124999998,32
"51881 - Acute respiratry failure",2001,4,7.452293333333332,30
"42731 - Atrial fibrillation",2001,4,6.603291304347826,23
"42731 - Atrial fibrillation",2001,5,5.307166666666666,3
"4280 - CHF NOS",2001,5,1.9137666666666668,3
"5070 - Food/vomit pneumonitis",2001,5,1.6256333333333333,3
"V053 - Need prphyl vc vrl hepat",2002,1,1.0868250000000002,16
"V290 - NB obsrv suspct infect",2002,1,0.6607583333333333,12
"V3000 - Single lb in-hosp w/o cs",2002,1,0.99415,10
"4019 - Hypertension NOS",2002,2,2.300535897435897,78
"41401 - Crnry athrscl natve vssl",2002,2,2.1250195652173907,46
"42731 - Atrial fibrillation",2002,2,3.6356422222222227,45
"4019 - Hypertension NOS",2002,3,4.428093693693692,111
"42731 - Atrial fibrillation",2002,3,4.950632,75
"41401 - Crnry athrscl natve vssl",2002,3,3.175801449275363,69
"4019 - Hypertension NOS",2002,4,6.511394285714287,35
"51881 - Acute respiratry failure",2002,4,7.986773333333333,30
"42731 - Atrial fibrillation",2002,4,7.932632000000001,25
"0389 - Septicemia NOS",2002,5,3.624166666666666,3
"4280 - CHF NOS",2002,5,4.94595,2
"78559 - Shock w/o trauma NEC",2002,5,1.28605,2
"V053 - Need prphyl vc vrl hepat",2003,1,0.13602777777777778,18
"V3001 - Single lb in-hosp w cs",2003,1,0.12069999999999999,12
"V3000 - Single lb in-hosp w/o cs",2003,1,0.1547888888888889,9
"4019 - Hypertension NOS",2003,2,2.4401868421052626,76
"V290 - NB obsrv suspct infect",2003,2,5.986948648648648,37
"41401 - Crnry athrscl natve vssl",2003,2,4.0754972972972965,37
"4019 - Hypertension NOS",2003,3,3.1178500000000007,106
"4280 - CHF NOS",2003,3,4.819944736842104,76
"41401 - Crnry athrscl natve vssl",2003,3,2.8231676923076927,65
"4019 - Hypertension NOS",2003,4,6.523359259259259,27
"51881 - Acute respiratry failure",2003,4,7.773004347826087,23
"4280 - CHF NOS",2003,4,6.930695,20
"4019 - Hypertension NOS",2003,5,10.367166666666668,3
"51881 - Acute respiratry failure",2003,5,8.1248,3
"2869 - Coagulat defect NEC/NOS",2003,5,10.44275,2
"V053 - Need prphyl vc vrl hepat",2004,1,0.4541150000000001,20
"V3000 - Single lb in-hosp w/o cs",2004,1,0.13179473684210527,19
"V290 - NB obsrv suspct infect",2004,1,0.39519999999999994,17
"4019 - Hypertension NOS",2004,2,2.3236279411764706,68
"41401 - Crnry athrscl natve vssl",2004,2,2.6020352941176466,34
"4280 - CHF NOS",2004,2,4.366825806451613,31
"4019 - Hypertension NOS",2004,3,3.8364823529411765,102
"42731 - Atrial fibrillation",2004,3,4.638612658227846,79
"41401 - Crnry athrscl natve vssl",2004,3,3.6394479452054784,73
"4019 - Hypertension NOS",2004,4,5.792196551724137,29
"4280 - CHF NOS",2004,4,6.650435999999997,25
"51881 - Acute respiratry failure",2004,4,6.998712499999999,24
"42731 - Atrial fibrillation",2004,5,13.638349999999999,2
"4019 - Hypertension NOS",2004,5,13.638349999999999,2
"5070 - Food/vomit pneumonitis",2004,5,13.638349999999999,2
"V053 - Need prphyl vc vrl hepat",2005,1,1.737992857142857,14
"V3000 - Single lb in-hosp w/o cs",2005,1,1.5902444444444443,9
"V290 - NB obsrv suspct infect",2005,1,2.8880625,8
"4019 - Hypertension NOS",2005,2,2.9841442857142857,70
"42731 - Atrial fibrillation",2005,2,3.1502826086956524,46
"4280 - CHF NOS",2005,2,3.213866666666667,42
"4019 - Hypertension NOS",2005,3,3.923127184466021,103
"42731 - Atrial fibrillation",2005,3,4.427720512820514,78
"4280 - CHF NOS",2005,3,5.207293055555556,72
"4019 - Hypertension NOS",2005,4,5.515642857142858,28
"51881 - Acute respiratry failure",2005,4,8.179940740740742,27
"4280 - CHF NOS",2005,4,7.730985185185184,27
"4019 - Hypertension NOS",2005,5,2.3775500000000003,4
"V4581 - Aortocoronary bypass",2005,5,8.0805,2
"V667 - Encountr palliative care",2005,5,3.0852500000000003,2
"V290 - NB obsrv suspct infect",2006,1,7.6134,14
"V053 - Need prphyl vc vrl hepat",2006,1,7.6203142857142865,14
"V3000 - Single lb in-hosp w/o cs",2006,1,0.5532615384615385,13
"4019 - Hypertension NOS",2006,2,3.094817647058823,68
"41401 - Crnry athrscl natve vssl",2006,2,2.0405195652173918,46
"42731 - Atrial fibrillation",2006,2,3.4147727272727266,44
"4019 - Hypertension NOS",2006,3,3.533082882882882,111
"42731 - Atrial fibrillation",2006,3,5.366067441860465,86
"4280 - CHF NOS",2006,3,5.236432142857141,84
"4280 - CHF NOS",2006,4,6.924021739130435,23
"42731 - Atrial fibrillation",2006,4,6.6637545454545455,22
"51881 - Acute respiratry failure",2006,4,9.114686363636364,22
"51881 - Acute respiratry failure",2006,5,11.478575,4
"4280 - CHF NOS",2006,5,11.307166666666665,3
"0389 - Septicemia NOS",2006,5,1.2497666666666667,3
"V053 - Need prphyl vc vrl hepat",2007,1,0.3548818181818181,11
"V290 - NB obsrv suspct infect",2007,1,0.3293636363636363,11
"V3000 - Single lb in-hosp w/o cs",2007,1,0.3762818181818181,11
"4019 - Hypertension NOS",2007,2,2.495610344827586,58
"4280 - CHF NOS",2007,2,4.13942105263158,38
"42731 - Atrial fibrillation",2007,2,3.6123242424242434,33
"4019 - Hypertension NOS",2007,3,4.223255140186916,107
"42731 - Atrial fibrillation",2007,3,4.651709876543208,81
"41401 - Crnry athrscl natve vssl",2007,3,3.5981257575757564,66
"51881 - Acute respiratry failure",2007,4,7.947389285714288,28
"4019 - Hypertension NOS",2007,4,5.444319999999999,25
"42731 - Atrial fibrillation",2007,4,5.511071428571428,21
"V1251 - Hx-ven thrombosis/embols",2007,5,3.68385,2
"4280 - CHF NOS",2007,5,3.1343,2
"25000 - DMII wo cmp nt st uncntr",2007,5,2.38565,2
"V053 - Need prphyl vc vrl hepat",2008,1,0.8052666666666667,18
"V290 - NB obsrv suspct infect",2008,1,0.8265058823529411,17
"V3000 - Single lb in-hosp w/o cs",2008,1,0.18149230769230773,13
"4019 - Hypertension NOS",2008,2,2.1041406976744192,86
"41401 - Crnry athrscl natve vssl",2008,2,2.0549420000000005,50
"4280 - CHF NOS",2008,2,2.2796777777777777,36
"4019 - Hypertension NOS",2008,3,4.2184846153846145,104
"4280 - CHF NOS",2008,3,4.662640506329113,79
"42731 - Atrial fibrillation",2008,3,4.425271428571429,70
"51881 - Acute respiratry failure",2008,4,7.1559159999999995,25
"4280 - CHF NOS",2008,4,4.458339130434783,23
"4019 - Hypertension NOS",2008,4,5.047186956521739,23
"42731 - Atrial fibrillation",2008,5,5.238524999999999,4
"9971 - Surg compl-heart",2008,5,6.6388,2
"25000 - DMII wo cmp nt st uncntr",2008,5,6.6388,2
"V053 - Need prphyl vc vrl hepat",2009,1,1.8566192307692306,26
"V290 - NB obsrv suspct infect",2009,1,2.3173,18
"V3000 - Single lb in-hosp w/o cs",2009,1,0.21443999999999994,15
"4019 - Hypertension NOS",2009,2,2.241619117647059,68
"41401 - Crnry athrscl natve vssl",2009,2,2.3194920000000003,50
"4280 - CHF NOS",2009,2,3.5148473684210533,38
"4019 - Hypertension NOS",2009,3,3.9310680000000002,125
"4280 - CHF NOS",2009,3,4.352634482758619,87
"42731 - Atrial fibrillation",2009,3,4.710278048780489,82
"4019 - Hypertension NOS",2009,4,6.838873076923077,26
"4280 - CHF NOS",2009,4,5.634154166666666,24
"51881 - Acute respiratry failure",2009,4,6.064204545454547,22
"5849 - Acute kidney failure NOS",2009,5,1.6242666666666665,3
"51881 - Acute respiratry failure",2009,5,1.6242666666666665,3
"42731 - Atrial fibrillation",2009,5,7.8912,3
"78703 - Vomiting alone",2009,6,0.9733,1
"431 - Intracerebral hemorrhage",2009,6,0.9733,1
"25000 - DMII wo cmp nt st uncntr",2009,6,0.9733,1
"V053 - Need prphyl vc vrl hepat",2010,1,0.3950250000000001,12
"V290 - NB obsrv suspct infect",2010,1,0.42672222222222217,9
"V3000 - Single lb in-hosp w/o cs",2010,1,0.534075,8
"4019 - Hypertension NOS",2010,2,2.4628732394366204,71
"41401 - Crnry athrscl natve vssl",2010,2,2.768212244897958,49
"2724 - Hyperlipidemia NEC/NOS",2010,2,2.047821428571428,42
"4019 - Hypertension NOS",2010,3,4.291618487394959,119
"42731 - Atrial fibrillation",2010,3,5.745311904761905,84
"41401 - Crnry athrscl natve vssl",2010,3,4.77459605263158,76
"4280 - CHF NOS",2010,4,6.434546666666667,30
"4019 - Hypertension NOS",2010,4,5.199520689655173,29
"42731 - Atrial fibrillation",2010,4,5.575176923076923,26
"5849 - Acute kidney failure NOS",2010,5,1.73886,5
"4280 - CHF NOS",2010,5,1.1812,4
"78552 - Septic shock",2010,5,1.371775,4
"4019 - Hypertension NOS",2011,1,8.065225,4
"V290 - NB obsrv suspct infect",2011,1,2.666066666666667,3
"V502 - Routine circumcision",2011,1,9.986,3
"4019 - Hypertension NOS",2011,2,1.9796173913043469,46
"V053 - Need prphyl vc vrl hepat",2011,2,4.147210714285714,28
"2724 - Hyperlipidemia NEC/NOS",2011,2,1.7090851851851854,27
"4019 - Hypertension NOS",2011,3,4.7412375,80
"42731 - Atrial fibrillation",2011,3,4.790776923076923,52
"4280 - CHF NOS",2011,3,5.613892000000002,50
"4019 - Hypertension NOS",2011,4,3.1279,17
"51881 - Acute respiratry failure",2011,4,7.2983785714285725,14
"4280 - CHF NOS",2011,4,11.738800000000001,10
"99591 - Sepsis",2011,5,7.13805,2
"V4581 - Aortocoronary bypass",2011,5,7.13805,2
"5119 - Pleural effusion NOS",2011,5,2.7864,1
"4019 - Hypertension NOS",2012,2,2.1348777777777777,9
"5990 - Urin tract infection NOS",2012,2,2.79725,8
"3572 - Neuropathy in diabetes",2012,2,2.6976750000000003,8
"4019 - Hypertension NOS",2012,3,7.723161111111111,18
"5849 - Acute kidney failure NOS",2012,3,7.5634999999999994,14
"25000 - DMII wo cmp nt st uncntr",2012,3,11.18920909090909,11
"42731 - Atrial fibrillation",2012,4,1.17956,5
"51881 - Acute respiratry failure",2012,4,2.4456800000000003,5
"486 - Pneumonia, organism NOS",2012,4,1.28185,4
"25000 - DMII wo cmp nt st uncntr",2013,1,2.6322,3
"4019 - Hypertension NOS",2013,1,2.9185999999999996,3
"2724 - Hyperlipidemia NEC/NOS",2013,1,2.6322,3
"5849 - Acute kidney failure NOS",2013,2,4.920828571428572,7
"4019 - Hypertension NOS",2013,2,2.083342857142857,7
"25011 - DMI keto nt st uncntrld",2013,2,2.8748600000000004,5
"4280 - CHF NOS",2013,3,5.650033333333332,15
"5849 - Acute kidney failure NOS",2013,3,6.907283333333333,12
"25000 - DMII wo cmp nt st uncntr",2013,3,7.235954545454546,11
"51881 - Acute respiratry failure",2013,4,14.425166666666664,3
"99592 - Severe sepsis",2013,4,7.310966666666666,3
"2724 - Hyperlipidemia NEC/NOS",2013,4,8.138,3
"27669 - Fluid overload NEC",2013,5,9.0974,1
"25012 - DMII ketoacd uncontrold",2013,5,9.0974,1
"2111 - Benign neoplasm stomach",2013,5,9.0974,1
"6960 - Psoriatic arthropathy",2014,1,2.9852,1
"E9888 - Undetermin circumst NEC",2014,1,2.9852,1
"2724 - Hyperlipidemia NEC/NOS",2014,1,2.9852,1
"4280 - CHF NOS",2014,2,2.0597153846153846,13
"40391 - Hyp kid NOS w cr kid V",2014,2,1.9154699999999998,10
"2724 - Hyperlipidemia NEC/NOS",2014,2,2.012022222222223,9
"4280 - CHF NOS",2014,3,3.8503933333333333,15
"2724 - Hyperlipidemia NEC/NOS",2014,3,4.070175,12
"4019 - Hypertension NOS",2014,3,3.830936363636364,11
"4280 - CHF NOS",2014,4,5.0398999999999985,7
"40390 - Hy kid NOS w cr kid I-IV",2014,4,4.6516,5
"5859 - Chronic kidney dis NOS",2014,4,3.7464000000000004,4
"36201 - Diabetic retinopathy NOS",2015,1,0.0352,1
"5363 - Gastroparesis",2015,1,0.0352,1
"00845 - Int inf clstrdium dfcile",2015,1,0.0352,1
"4019 - Hypertension NOS",2015,2,1.9696800000000003,5
"41401 - Crnry athrscl natve vssl",2015,2,1.9696800000000003,5
"4280 - CHF NOS",2015,2,2.85386,5
"4019 - Hypertension NOS",2015,3,1.4453,5
"2724 - Hyperlipidemia NEC/NOS",2015,3,1.5565000000000002,5
"4280 - CHF NOS",2015,3,1.4049999999999998,5
"4019 - Hypertension NOS",2015,4,6.263075,4
"4280 - CHF NOS",2015,4,7.9508,3
"5849 - Acute kidney failure NOS",2015,4,5.979733333333333,3
"311 - Depressive disorder NEC",2016,2,2.09472,5
"4280 - CHF NOS",2016,2,3.17318,5
"42731 - Atrial fibrillation",2016,2,2.3985749999999997,4
"4019 - Hypertension NOS",2016,3,1.5192625,8
"2724 - Hyperlipidemia NEC/NOS",2016,3,2.923425,8
"41401 - Crnry athrscl natve vssl",2016,3,2.2793,8
"2762 - Acidosis",2016,4,3.3223333333333334,3
"4280 - CHF NOS",2016,4,2.5764,3
"311 - Depressive disorder NEC",2016,4,2.5449,2
"40390 - Hy kid NOS w cr kid I-IV",2017,2,3.9757,2
"V4581 - Aortocoronary bypass",2017,2,3.9757,2
"4280 - CHF NOS",2017,2,3.9757,2
"5849 - Acute kidney failure NOS",2017,3,1.7766333333333335,3
"4280 - CHF NOS",2017,3,4.879866666666667,3
"78791 - Diarrhea",2017,3,1.8483,2
"41400 - Cor ath unsp vsl ntv/gft",2017,4,14.36,1
"33394 - Restless legs syndrome",2017,4,14.36,1
"42731 - Atrial fibrillation",2017,4,14.36,1
"7291 - Myalgia and myositis NOS",2018,2,1.6906,1
"5533 - Diaphragmatic hernia",2018,2,1.6906,1
"45829 - Iatrogenc hypotnsion NEC",2018,2,1.6906,1
"2724 - Hyperlipidemia NEC/NOS",2018,3,3.82875,2
"496 - Chr airway obstruct NEC",2018,3,1.4211500000000001,2
"28860 - Leukocytosis NOS",2018,3,3.82875,2
"78551 - Cardiogenic shock",2018,4,8.1614,1
"1970 - Secondary malig neo lung",2018,4,8.1614,1
"V1251 - Hx-ven thrombosis/embols",2018,4,8.1614,1
"42731 - Atrial fibrillation",2019,2,0.8452,1
"41401 - Crnry athrscl natve vssl",2019,2,0.8452,1
"4280 - CHF NOS",2019,2,0.8452,1
"7513 - Hirschsprung's disease",2019,3,1.6696,1
"25042 - DMII renal uncntrld",2019,3,7.1249,1
"0389 - Septicemia NOS",2019,3,7.1249,1
"78820 - Retention urine NOS",2020,1,2.2506,1
"5119 - Pleural effusion NOS",2020,1,2.2506,1
"V441 - Gastrostomy status",2020,1,2.2506,1
